bin_ID,Sample,Watermass,Year,Phylum,NMDS1,NMDS2,clust
78_bin.36,78,STW,2018,Proteobacteria,-1.583955737,-0.018859178,Cluster 2
5_bin.25,5,SAW,2014,Proteobacteria,-1.222111942,-0.160180932,Cluster 2
13_bin.12,13,STW,2015,Proteobacteria,-1.079001159,-0.125865819,Cluster 2
33_bin.1,33,SAW,2016,Gemmatimonadota,-1.106459817,-0.120831488,Cluster 2
79_bin.22,79,SAW,2018,Cyanobacteria,-1.177300681,-0.118495581,Cluster 2
24_bin.38,24,STW,2015,Nitrospinota,-1.34688,-0.117274106,Cluster 2
49_bin.4,49,Front,2017,Proteobacteria,-1.179566781,-0.110682212,Cluster 2
65_bin.25,65,STW,2017,Cyanobacteria,-1.334310894,-0.110198321,Cluster 2
76_bin.20,76,STW,2018,Cyanobacteria,-0.889303157,-0.10632302,Cluster 2
51_bin.63,51,Deep,2017,Planctomycetota,-1.103895368,-0.104777704,Cluster 2
24_bin.3,24,STW,2015,Proteobacteria,-1.337801381,-0.097054044,Cluster 2
30_bin.32,30,SAW,2015,Cyanobacteria,-1.127122316,-0.096175167,Cluster 2
79_bin.66,79,SAW,2018,Cyanobacteria,-1.260762483,-0.091297019,Cluster 2
11_bin.20,11,SAW,2015,Fibrobacterota,-1.083069058,-0.09059806,Cluster 2
2_bin.54,2,SAW,2014,Planctomycetota,-1.152483153,-0.083369019,Cluster 2
50_bin.16,50,SAW,2017,Cyanobacteria,-0.930867709,-0.075759984,Cluster 2
9_bin.8,9,Deep,2015,Cyanobacteria,-1.459628187,-0.074801573,Cluster 2
34_bin.34,34,Deep,2016,Proteobacteria,-1.121372819,-0.074574421,Cluster 2
82_bin.12,82,SAW,2018,Cyanobacteria,-1.033289888,-0.069379554,Cluster 2
26_bin.9,26,Front,2015,Cyanobacteria,-0.968185869,-0.059921379,Cluster 2
81_bin.2,81,STW,2018,Proteobacteria,-1.112001159,-0.058895265,Cluster 2
1_bin.23,1,STW,2014,Proteobacteria,-1.295255786,-0.054797072,Cluster 2
82_bin.21,82,SAW,2018,Myxococcota,-1.170514462,-0.049015274,Cluster 2
3_bin.27,3,Deep,2014,Proteobacteria,-1.098097281,-0.047666166,Cluster 2
22_bin.11,22,SAW,2015,Proteobacteria,-1.023983492,-0.047506174,Cluster 2
77_bin.35,77,SAW,2018,Marinisomatota,-0.85056532,-0.047447627,Cluster 2
23_bin.18,23,Deep,2015,Proteobacteria,-0.993908212,-0.043046885,Cluster 2
47_bin.12,47,Deep,2016,Proteobacteria,-1.029697368,-0.039461141,Cluster 2
78_bin.10,78,STW,2018,Cyanobacteria,-0.913316859,-0.038859258,Cluster 2
77_bin.4,77,SAW,2018,Cyanobacteria,-0.908178538,-0.036061292,Cluster 2
82_bin.16,82,SAW,2018,Proteobacteria,-1.239950739,-0.030882538,Cluster 2
13_bin.19,13,STW,2015,Proteobacteria,-1.421987388,-0.030853279,Cluster 2
76_bin.3,76,STW,2018,Nitrospinota,-0.844516855,-0.028858195,Cluster 2
29_bin.12,29,SAW,2015,Myxococcota,-0.796988226,-0.028271072,Cluster 2
24_bin.21,24,STW,2015,Dadabacteria,-0.828706106,-0.027908572,Cluster 2
77_bin.32,77,SAW,2018,Cyanobacteria,-1.116453978,-0.026658996,Cluster 2
30_bin.7,30,SAW,2015,Myxococcota,-0.802610229,-0.026155121,Cluster 2
27_bin.7,27,SAW,2015,Gemmatimonadota,-0.822088585,-0.024129643,Cluster 2
63_bin.20,63,SAW,2017,Proteobacteria,-1.07374998,-0.024109996,Cluster 2
30_bin.21,30,SAW,2015,Gemmatimonadota,-1.307299324,-0.02147332,Cluster 2
49_bin.2,49,Front,2017,Gemmatimonadota,-0.79905504,-0.019575214,Cluster 2
73_bin.6,73,STW,2018,Nitrospinota,-0.873631684,-0.013867962,Cluster 2
29_bin.37,29,SAW,2015,Gemmatimonadota,-0.766133852,-0.013205553,Cluster 2
9_bin.12,9,Deep,2015,Proteobacteria,-1.149804297,-0.010226463,Cluster 2
61_bin.16,61,Deep,2017,Proteobacteria,-1.021375365,-0.009884225,Cluster 2
65_bin.20,65,STW,2017,Proteobacteria,-1.155542304,-0.008862034,Cluster 2
26_bin.24,26,Front,2015,Gemmatimonadota,-0.760442961,-0.008076668,Cluster 2
28_bin.18,28,SAW,2015,Gemmatimonadota,-0.804253022,-0.003339832,Cluster 2
76_bin.26,76,STW,2018,Proteobacteria,-0.946439519,-0.003080575,Cluster 2
29_bin.41,29,SAW,2015,Nitrospinota,-1.187814133,-0.002936539,Cluster 2
62_bin.1,62,STW,2017,Proteobacteria,-0.883532168,-0.002138685,Cluster 2
25_bin.22,25,STW,2015,Gemmatimonadota,-0.804594169,-0.001677225,Cluster 2
74_bin.13,74,SAW,2018,Proteobacteria,-0.825746633,-0.001546465,Cluster 2
66_bin.6,66,SAW,2017,Cyanobacteria,-1.014363401,-0.00143902,Cluster 2
74_bin.7,74,SAW,2018,Cyanobacteria,-0.815414877,-0.001041608,Cluster 2
48_bin.2,48,STW,2017,Cyanobacteria,-0.815824877,0.001021317,Cluster 2
57_bin.5,57,Front,2017,Cyanobacteria,-0.728477039,0.002822148,Cluster 2
52_bin.25,52,STW,2017,Cyanobacteria,-0.771915429,0.002840224,Cluster 2
62_bin.36,62,STW,2017,Proteobacteria,-0.914816834,0.003626308,Cluster 2
51_bin.54,51,Deep,2017,Proteobacteria,-1.061693677,0.003775175,Cluster 2
1_bin.15,1,STW,2014,Proteobacteria,-0.924066571,0.004210568,Cluster 2
78_bin.24,78,STW,2018,Proteobacteria,-1.002860659,0.004385065,Cluster 2
74_bin.21,74,SAW,2018,Gemmatimonadota,-0.766677402,0.005908243,Cluster 2
58_bin.15,58,SAW,2017,Gemmatimonadota,-0.76692811,0.00764254,Cluster 2
48_bin.8,48,STW,2017,Nitrospinota,-0.815645694,0.007796049,Cluster 2
12_bin.9,12,Neritic,2015,Cyanobacteria,-0.788560778,0.007805832,Cluster 2
43_bin.9,43,Deep,2016,Proteobacteria,-0.855487319,0.008041556,Cluster 2
34_bin.21,34,Deep,2016,Proteobacteria,-0.881374707,0.008635801,Cluster 2
65_bin.23,65,STW,2017,Planctomycetota,-1.424190387,0.008984383,Cluster 2
48_bin.32,48,STW,2017,Cyanobacteria,-0.75850183,0.010174958,Cluster 2
51_bin.28,51,Deep,2017,Proteobacteria,-0.836046663,0.011352054,Cluster 2
62_bin.21,62,STW,2017,Planctomycetota,-1.04398698,0.013174658,Cluster 2
13_bin.5,13,STW,2015,Planctomycetota,-0.938974772,0.013945738,Cluster 2
44_bin.27,44,STW,2016,Planctomycetota,-1.275438155,0.014732958,Cluster 2
69_bin.22,69,Deep,2017,Proteobacteria,-0.971830544,0.015102733,Cluster 2
4_bin.2,4,STW,2014,Proteobacteria,-0.951323348,0.015179818,Cluster 2
65_bin.40,65,STW,2017,Proteobacteria,-1.235336977,0.018917274,Cluster 2
83_bin.35,83,Deep,2018,Proteobacteria,-1.146404348,0.020171651,Cluster 2
69_bin.11,69,Deep,2017,Planctomycetota,-0.952111973,0.020762087,Cluster 2
61_bin.12,61,Deep,2017,Proteobacteria,-1.277066995,0.022696853,Cluster 2
23_bin.10,23,Deep,2015,Proteobacteria,-0.779527849,0.023158926,Cluster 2
77_bin.21,77,SAW,2018,Proteobacteria,-0.924543899,0.023786545,Cluster 2
24_bin.28,24,STW,2015,Cyanobacteria,-0.767220031,0.02454211,Cluster 2
14_bin.8,14,STW,2015,Planctomycetota,-1.055906426,0.024632439,Cluster 2
59_bin.3,59,STW,2017,Planctomycetota,-1.171995532,0.024725389,Cluster 2
5_bin.4,5,SAW,2014,Proteobacteria,-0.852678459,0.024876244,Cluster 2
20_bin.41,20,Deep,2015,Proteobacteria,-1.095876631,0.026057809,Cluster 2
34_bin.48,34,Deep,2016,Proteobacteria,-0.911647821,0.026099989,Cluster 2
67_bin.5,67,STW,2017,Proteobacteria,-0.955268818,0.02611844,Cluster 2
1_bin.33,1,STW,2014,Planctomycetota,-0.903400991,0.026392264,Cluster 2
76_bin.44,76,STW,2018,Planctomycetota,-0.892548596,0.026627108,Cluster 2
79_bin.61,79,SAW,2018,Proteobacteria,-0.853987307,0.027030824,Cluster 2
77_bin.41,77,SAW,2018,Proteobacteria,-1.013966174,0.027232699,Cluster 2
50_bin.2,50,SAW,2017,Proteobacteria,-0.815787929,0.027413303,Cluster 2
23_bin.22,23,Deep,2015,Planctomycetota,-1.211608362,0.027894532,Cluster 2
30_bin.8,30,SAW,2015,Nitrospinota,-0.757521959,0.028667093,Cluster 2
14_bin.2,14,STW,2015,Proteobacteria,-0.898260998,0.029437415,Cluster 2
43_bin.28,43,Deep,2016,Proteobacteria,-0.90374082,0.029691049,Cluster 2
46_bin.52,46,SAW,2016,Proteobacteria,-0.834120134,0.02984821,Cluster 2
43_bin.30,43,Deep,2016,Planctomycetota,-0.967077537,0.030374109,Cluster 2
57_bin.7,57,Front,2017,Proteobacteria,-0.783045955,0.032471234,Cluster 2
58_bin.12,58,SAW,2017,Proteobacteria,-0.778341096,0.032724388,Cluster 2
34_bin.49,34,Deep,2016,Planctomycetota,-0.948612509,0.032886665,Cluster 2
9_bin.1,9,Deep,2015,Planctomycetota,-0.954822429,0.034009738,Cluster 2
80_bin.33,80,Deep,2018,Proteobacteria,-1.064749215,0.034039601,Cluster 2
19_bin.18,19,SAW,2015,Proteobacteria,-0.809406161,0.034373783,Cluster 2
17_bin.17,17,SAW,2015,Proteobacteria,-1.114170099,0.034605477,Cluster 2
18_bin.2,18,SAW,2015,Proteobacteria,-0.803661199,0.035111696,Cluster 2
64_bin.34,64,Deep,2017,Proteobacteria,-1.03874964,0.036379218,Cluster 2
4_bin.8,4,STW,2014,Planctomycetota,-0.850865071,0.03687458,Cluster 2
45_bin.18,45,Front,2016,Proteobacteria,-0.815537744,0.037910108,Cluster 2
66_bin.29,66,SAW,2017,Proteobacteria,-0.811022542,0.039472533,Cluster 2
2_bin.33,2,SAW,2014,Proteobacteria,-0.839331874,0.039620803,Cluster 2
47_bin.16,47,Deep,2016,Planctomycetota,-1.133357165,0.040250239,Cluster 2
16_bin.14,16,SAW,2015,Proteobacteria,-0.830730665,0.040401482,Cluster 2
80_bin.37,80,Deep,2018,Planctomycetota,-0.898114814,0.041874721,Cluster 2
15_bin.9,15,Front,2015,Proteobacteria,-0.81042584,0.04189937,Cluster 2
20_bin.21,20,Deep,2015,Planctomycetota,-0.919622475,0.043463306,Cluster 2
83_bin.33,83,Deep,2018,Planctomycetota,-0.926695739,0.045339072,Cluster 2
61_bin.5,61,Deep,2017,Planctomycetota,-0.848746482,0.045913574,Cluster 2
72_bin.3,72,Deep,2018,Proteobacteria,-1.089997707,0.046008101,Cluster 2
51_bin.16,51,Deep,2017,Planctomycetota,-0.89282158,0.047867399,Cluster 2
44_bin.21,44,STW,2016,Cyanobacteria,-0.844620763,0.076611001,Cluster 2
61_bin.56,61,Deep,2017,Cyanobacteria,-0.885591935,0.361399529,Cluster 1
38_bin.37,38,Front,2016,Cyanobacteria,-0.675984525,0.399008783,Cluster 1
44_bin.17,44,STW,2016,Cyanobacteria,-0.795207892,0.40673913,Cluster 1
78_bin.21,78,STW,2018,Cyanobacteria,-0.784341086,0.410339867,Cluster 1
7_bin.22,7,STW,2015,Cyanobacteria,-0.692978026,0.411268938,Cluster 1
62_bin.17,62,STW,2017,Cyanobacteria,-0.722561887,0.412311603,Cluster 1
76_bin.22,76,STW,2018,Cyanobacteria,-0.674416941,0.412586297,Cluster 1
79_bin.10,79,SAW,2018,Cyanobacteria,-1.071905755,0.414750836,Cluster 1
37_bin.61,37,STW,2016,Cyanobacteria,-0.748559259,0.432253683,Cluster 1
59_bin.1,59,STW,2017,Cyanobacteria,-0.753646113,0.433902003,Cluster 1
1_bin.22,1,STW,2014,Cyanobacteria,-0.773463718,0.449039224,Cluster 1
12_bin.33,12,Neritic,2015,Cyanobacteria,-0.782062651,0.449815631,Cluster 1
77_bin.7,77,SAW,2018,Chloroflexota,-1.127189338,0.468118463,Cluster 1
10_bin.34,10,STW,2015,Cyanobacteria,-0.887639922,0.470856557,Cluster 1
81_bin.6,81,STW,2018,Cyanobacteria,-0.704273698,0.47329754,Cluster 1
36_bin.1,36,Neritic,2016,Cyanobacteria,-0.953451062,0.493039324,Cluster 1
17_bin.31,17,SAW,2015,Chloroflexota,-1.137662275,0.508921435,Cluster 1
72_bin.9,72,Deep,2018,Cyanobacteria,-1.20535497,0.521201183,Cluster 1
5_bin.19,5,SAW,2014,Chloroflexota,-1.198952619,0.538722653,Cluster 1
73_bin.3,73,STW,2018,Cyanobacteria,-1.259041941,0.556562538,Cluster 1
62_bin.8,62,STW,2017,Chloroflexota,-1.087358759,0.6221326,Cluster 1
35_bin.54,35,Neritic,2016,Cyanobacteria,-1.210244256,0.637288273,Cluster 1
79_bin.29,79,SAW,2018,Chloroflexota,-1.082533864,0.650868282,Cluster 1
63_bin.3,63,SAW,2017,Chloroflexota,-1.262040177,0.723646135,Cluster 1
61_bin.48,61,Deep,2017,Chloroflexota,-1.062746039,0.784224872,Cluster 1
72_bin.1,72,Deep,2018,Chloroflexota,-1.132653624,0.953702695,Cluster 1
61_bin.49,61,Deep,2017,Proteobacteria,-0.464765808,-0.578939344,Cluster 3
56_bin.13,56,STW,2017,Proteobacteria,-0.454614701,-0.634138089,Cluster 3
33_bin.13,33,SAW,2016,Proteobacteria,-0.443879176,-0.553133407,Cluster 3
1_bin.18,1,STW,2014,Proteobacteria,-0.40640723,-0.014644231,Cluster 3
80_bin.21,80,Deep,2018,Proteobacteria,-0.404997,-0.55435807,Cluster 3
29_bin.39,29,SAW,2015,Proteobacteria,-0.393501819,-0.784139425,Cluster 3
52_bin.48,52,STW,2017,Proteobacteria,-0.391081934,-1.259619778,Cluster 3
24_bin.19,24,STW,2015,Proteobacteria,-0.378036633,-0.78859528,Cluster 3
33_bin.34,33,SAW,2016,Proteobacteria,-0.362145829,-0.753695399,Cluster 3
23_bin.64,23,Deep,2015,Proteobacteria,-0.358421678,-0.583155064,Cluster 3
24_bin.39,24,STW,2015,Proteobacteria,-0.315015154,-0.146298594,Cluster 3
1_bin.5,1,STW,2014,Proteobacteria,-0.312051133,-0.319046191,Cluster 3
25_bin.27,25,STW,2015,Proteobacteria,-0.29724368,-0.601970935,Cluster 3
36_bin.73,36,Neritic,2016,Proteobacteria,-0.291813461,-0.246790517,Cluster 3
80_bin.29,80,Deep,2018,Proteobacteria,-0.276926876,-0.214136667,Cluster 3
40_bin.12,40,SAW,2016,Proteobacteria,-0.274772546,0.112231232,Cluster 3
1_bin.9,1,STW,2014,Verrucomicrobiota,-0.262600815,-0.565334359,Cluster 3
54_bin.9,54,SAW,2017,Proteobacteria,-0.258259274,-0.614795573,Cluster 3
41_bin.99,41,SAW,2016,Proteobacteria,-0.254116092,-0.390338765,Cluster 3
34_bin.33,34,Deep,2016,Verrucomicrobiota,-0.249432028,-0.695945462,Cluster 3
38_bin.23,38,Front,2016,Proteobacteria,-0.248921965,-0.084633346,Cluster 3
38_bin.14,38,Front,2016,Proteobacteria,-0.248886143,-0.057043096,Cluster 3
34_bin.5,34,Deep,2016,Proteobacteria,-0.246829188,-0.735649915,Cluster 3
62_bin.9,62,STW,2017,Proteobacteria,-0.241902102,-0.352204029,Cluster 3
8_bin.1,8,SAW,2015,Proteobacteria,-0.240647138,-0.618017304,Cluster 3
43_bin.25,43,Deep,2016,Proteobacteria,-0.236319212,-0.136556791,Cluster 3
3_bin.14,3,Deep,2014,Proteobacteria,-0.233749121,0.355857163,Cluster 3
22_bin.32,22,SAW,2015,Proteobacteria,-0.233116387,-0.412690434,Cluster 3
64_bin.8,64,Deep,2017,Proteobacteria,-0.232745047,0.202372476,Cluster 3
20_bin.38,20,Deep,2015,Proteobacteria,-0.228516601,-0.014486333,Cluster 3
56_bin.34,56,STW,2017,Proteobacteria,-0.227522811,-0.347539443,Cluster 3
42_bin.58,42,SAW,2016,Proteobacteria,-0.223448535,-0.107484432,Cluster 3
47_bin.42,47,Deep,2016,Proteobacteria,-0.221466988,0.006794985,Cluster 3
72_bin.12,72,Deep,2018,Proteobacteria,-0.220075742,0.256599801,Cluster 3
51_bin.21,51,Deep,2017,Proteobacteria,-0.213235957,-0.060548211,Cluster 3
77_bin.40,77,SAW,2018,Proteobacteria,-0.213201911,-0.289003757,Cluster 3
30_bin.38,30,SAW,2015,Proteobacteria,-0.19824169,-0.079631604,Cluster 3
23_bin.57,23,Deep,2015,Verrucomicrobiota,-0.1965336,0.721147979,Cluster 3
20_bin.44,20,Deep,2015,Proteobacteria,-0.195498464,-0.479938071,Cluster 3
71_bin.12,71,SAW,2018,Proteobacteria,-0.192331624,-0.833596945,Cluster 3
61_bin.11,61,Deep,2017,Proteobacteria,-0.18746305,0.000702175,Cluster 3
46_bin.18,46,SAW,2016,Proteobacteria,-0.184558444,0.22279959,Cluster 3
5_bin.28,5,SAW,2014,Proteobacteria,-0.182126912,-0.090834839,Cluster 3
82_bin.27,82,SAW,2018,Proteobacteria,-0.18168964,-0.280281825,Cluster 3
80_bin.13,80,Deep,2018,Proteobacteria,-0.181047574,-0.727011452,Cluster 3
28_bin.30,28,SAW,2015,Proteobacteria,-0.159470237,-0.095282814,Cluster 3
42_bin.3,42,SAW,2016,Proteobacteria,-0.158595717,0.284686811,Cluster 3
12_bin.7,12,Neritic,2015,Proteobacteria,-0.156771959,-0.7549584,Cluster 3
45_bin.3,45,Front,2016,Proteobacteria,-0.156133921,-0.097506765,Cluster 3
42_bin.16,42,SAW,2016,Proteobacteria,-0.153172107,-0.474885335,Cluster 3
37_bin.13,37,STW,2016,Proteobacteria,-0.146834628,0.074119397,Cluster 3
78_bin.22,78,STW,2018,Proteobacteria,-0.145857433,0.042138342,Cluster 3
8_bin.2,8,SAW,2015,Proteobacteria,-0.142954399,0.316257031,Cluster 3
50_bin.21,50,SAW,2017,Proteobacteria,-0.141217099,-0.066623685,Cluster 3
10_bin.29,10,STW,2015,Proteobacteria,-0.139947981,-0.005849001,Cluster 3
9_bin.14,9,Deep,2015,Proteobacteria,-0.139683793,0.495184271,Cluster 3
51_bin.12,51,Deep,2017,Proteobacteria,-0.139339398,-0.608198344,Cluster 3
29_bin.25,29,SAW,2015,Proteobacteria,-0.138101753,0.178649155,Cluster 3
37_bin.7,37,STW,2016,Proteobacteria,-0.137525391,-0.108765218,Cluster 3
70_bin.13,70,STW,2018,Proteobacteria,-0.136424244,-0.550192627,Cluster 3
23_bin.31,23,Deep,2015,Proteobacteria,-0.134616961,-0.374227926,Cluster 3
37_bin.5,37,STW,2016,Proteobacteria,-0.131957986,-0.044713806,Cluster 3
25_bin.13,25,STW,2015,Proteobacteria,-0.130237723,-0.433135817,Cluster 3
41_bin.77,41,SAW,2016,Proteobacteria,-0.12902578,-0.035590209,Cluster 3
36_bin.48,36,Neritic,2016,Proteobacteria,-0.128410022,-0.785482925,Cluster 3
47_bin.25,47,Deep,2016,Proteobacteria,-0.12731043,0.031996452,Cluster 3
65_bin.42,65,STW,2017,Proteobacteria,-0.127271692,0.028556468,Cluster 3
38_bin.52,38,Front,2016,Proteobacteria,-0.124511124,0.238426455,Cluster 3
40_bin.22,40,SAW,2016,Proteobacteria,-0.124377152,-0.049387463,Cluster 3
25_bin.4,25,STW,2015,Proteobacteria,-0.124303616,-0.650232366,Cluster 3
76_bin.43,76,STW,2018,Proteobacteria,-0.123760065,0.036645687,Cluster 3
83_bin.12,83,Deep,2018,Proteobacteria,-0.122951749,-0.196404902,Cluster 3
27_bin.9,27,SAW,2015,Proteobacteria,-0.121474162,-0.086541731,Cluster 3
39_bin.23,39,SAW,2016,Proteobacteria,-0.121131476,-0.038909961,Cluster 3
37_bin.38,37,STW,2016,Proteobacteria,-0.120817811,-0.603221139,Cluster 3
64_bin.18,64,Deep,2017,Proteobacteria,-0.120667605,0.06547822,Cluster 3
51_bin.26,51,Deep,2017,Proteobacteria,-0.118165251,-0.206851906,Cluster 3
54_bin.16,54,SAW,2017,Proteobacteria,-0.115812362,-0.464629315,Cluster 3
70_bin.14,70,STW,2018,Proteobacteria,-0.110760162,-0.286067563,Cluster 3
10_bin.1,10,STW,2015,Proteobacteria,-0.110558734,0.01329462,Cluster 3
71_bin.13,71,SAW,2018,Proteobacteria,-0.110075747,-0.278590348,Cluster 3
3_bin.25,3,Deep,2014,Verrucomicrobiota,-0.105846629,-0.375948397,Cluster 3
79_bin.5,79,SAW,2018,Proteobacteria,-0.104248058,-0.02497909,Cluster 3
68_bin.15,68,SAW,2017,Proteobacteria,-0.099915513,-0.306554152,Cluster 3
77_bin.18,77,SAW,2018,Proteobacteria,-0.099626894,-0.024255651,Cluster 3
48_bin.20,48,STW,2017,Proteobacteria,-0.09896996,0.256390763,Cluster 3
41_bin.28,41,SAW,2016,Proteobacteria,-0.098486043,-0.091165518,Cluster 3
61_bin.28,61,Deep,2017,Proteobacteria,-0.097333993,0.047131099,Cluster 3
44_bin.35,44,STW,2016,Proteobacteria,-0.097080707,0.028931719,Cluster 3
35_bin.26,35,Neritic,2016,Proteobacteria,-0.093354823,-0.058665915,Cluster 3
40_bin.47,40,SAW,2016,Proteobacteria,-0.091601195,0.299917177,Cluster 3
63_bin.8,63,SAW,2017,Proteobacteria,-0.089366851,-0.017934089,Cluster 3
8_bin.34,8,SAW,2015,Proteobacteria,-0.086847739,-0.044578843,Cluster 3
68_bin.18,68,SAW,2017,Proteobacteria,-0.085548783,-0.529486936,Cluster 3
70_bin.15,70,STW,2018,Proteobacteria,-0.081554628,-0.310837647,Cluster 3
29_bin.24,29,SAW,2015,Proteobacteria,-0.081397495,-0.089608218,Cluster 3
33_bin.19,33,SAW,2016,Proteobacteria,-0.080879159,-0.10369372,Cluster 3
20_bin.30,20,Deep,2015,Proteobacteria,-0.078457491,0.192226131,Cluster 3
35_bin.21,35,Neritic,2016,Proteobacteria,-0.078454878,-0.299337391,Cluster 3
61_bin.26,61,Deep,2017,Proteobacteria,-0.077443361,0.063303468,Cluster 3
30_bin.17,30,SAW,2015,Proteobacteria,-0.076720751,-0.251095685,Cluster 3
34_bin.44,34,Deep,2016,Proteobacteria,-0.075216495,0.102588814,Cluster 3
35_bin.13,35,Neritic,2016,Verrucomicrobiota,-0.074977918,0.47763896,Cluster 3
28_bin.28,28,SAW,2015,Proteobacteria,-0.074789747,-0.215460982,Cluster 3
25_bin.8,25,STW,2015,Proteobacteria,-0.073548578,-0.100219475,Cluster 3
68_bin.28,68,SAW,2017,Proteobacteria,-0.072414688,-0.020133108,Cluster 3
37_bin.11,37,STW,2016,Proteobacteria,-0.071857725,-0.303619669,Cluster 3
16_bin.12,16,SAW,2015,Proteobacteria,-0.071383675,0.196565359,Cluster 3
67_bin.12,67,STW,2017,Proteobacteria,-0.071233017,-0.024697138,Cluster 3
37_bin.6,37,STW,2016,Proteobacteria,-0.071217488,-0.175005039,Cluster 3
3_bin.19,3,Deep,2014,Proteobacteria,-0.068929086,0.166272338,Cluster 3
32_bin.11,32,STW,2016,Proteobacteria,-0.06875895,-0.10733861,Cluster 3
61_bin.21,61,Deep,2017,Proteobacteria,-0.068266978,-0.007639486,Cluster 3
29_bin.13,29,SAW,2015,Proteobacteria,-0.068211096,-0.34661357,Cluster 3
40_bin.21,40,SAW,2016,Proteobacteria,-0.067615856,0.022526563,Cluster 3
61_bin.24,61,Deep,2017,Proteobacteria,-0.065874335,-0.083005773,Cluster 3
7_bin.10,7,STW,2015,Proteobacteria,-0.06573221,-0.023370216,Cluster 3
2_bin.18,2,SAW,2014,Proteobacteria,-0.065406676,0.494213975,Cluster 3
80_bin.8,80,Deep,2018,Proteobacteria,-0.064577411,0.130463504,Cluster 3
28_bin.14,28,SAW,2015,Proteobacteria,-0.064355032,0.363195817,Cluster 3
28_bin.13,28,SAW,2015,Proteobacteria,-0.063659019,-0.05829498,Cluster 3
3_bin.16,3,Deep,2014,Proteobacteria,-0.061598627,0.034418813,Cluster 3
36_bin.40,36,Neritic,2016,Proteobacteria,-0.061163088,-0.055834673,Cluster 3
20_bin.32,20,Deep,2015,Proteobacteria,-0.060837428,0.177587288,Cluster 3
38_bin.44,38,Front,2016,Proteobacteria,-0.06003495,-0.562175448,Cluster 3
41_bin.64,41,SAW,2016,Proteobacteria,-0.056118218,-0.409660978,Cluster 3
61_bin.38,61,Deep,2017,Proteobacteria,-0.055508424,0.056800615,Cluster 3
12_bin.6,12,Neritic,2015,Proteobacteria,-0.051337179,-0.323218975,Cluster 3
15_bin.20,15,Front,2015,Verrucomicrobiota,-0.049532449,-0.187138384,Cluster 3
30_bin.36,30,SAW,2015,Proteobacteria,-0.048557799,-0.037565918,Cluster 3
39_bin.34,39,SAW,2016,Proteobacteria,-0.048172279,0.229775035,Cluster 3
27_bin.2,27,SAW,2015,Proteobacteria,-0.04644062,-0.250830288,Cluster 3
23_bin.63,23,Deep,2015,Proteobacteria,-0.044344605,-0.134517842,Cluster 3
14_bin.11,14,STW,2015,Proteobacteria,-0.043471878,0.680610999,Cluster 3
80_bin.35,80,Deep,2018,Proteobacteria,-0.042713923,-0.554627182,Cluster 3
33_bin.26,33,SAW,2016,Proteobacteria,-0.040187925,0.002363635,Cluster 3
48_bin.44,48,STW,2017,Proteobacteria,-0.037965891,-0.054480071,Cluster 3
12_bin.34,12,Neritic,2015,Proteobacteria,-0.035445637,-0.601040747,Cluster 3
38_bin.70,38,Front,2016,Proteobacteria,-0.033779094,0.069358644,Cluster 3
53_bin.29,53,SAW,2017,Proteobacteria,-0.03327981,-0.509689022,Cluster 3
35_bin.32,35,Neritic,2016,Proteobacteria,-0.031648092,0.030430511,Cluster 3
80_bin.20,80,Deep,2018,Proteobacteria,-0.031093837,0.13932217,Cluster 3
35_bin.61,35,Neritic,2016,Proteobacteria,-0.030687789,-0.217390796,Cluster 3
38_bin.10,38,Front,2016,Proteobacteria,-0.027879876,-0.225619849,Cluster 3
79_bin.56,79,SAW,2018,Proteobacteria,-0.025369251,0.060401831,Cluster 3
26_bin.32,26,Front,2015,Proteobacteria,-0.02239132,-0.035554474,Cluster 3
54_bin.36,54,SAW,2017,Proteobacteria,-0.021751738,-0.434735921,Cluster 3
38_bin.9,38,Front,2016,Proteobacteria,-0.019155017,0.194300793,Cluster 3
24_bin.16,24,STW,2015,Proteobacteria,-0.01889013,-0.259612509,Cluster 3
42_bin.51,42,SAW,2016,Proteobacteria,-0.018373697,-0.049424147,Cluster 3
21_bin.22,21,STW,2015,Proteobacteria,-0.018208079,-0.191135195,Cluster 3
46_bin.6,46,SAW,2016,Proteobacteria,-0.017583071,0.204105565,Cluster 3
7_bin.34,7,STW,2015,Proteobacteria,-0.012037745,0.231322837,Cluster 3
27_bin.24,27,SAW,2015,Proteobacteria,-0.010075025,-0.636156075,Cluster 3
1_bin.40,1,STW,2014,Proteobacteria,-0.006777743,0.035213494,Cluster 3
8_bin.9,8,SAW,2015,Proteobacteria,-0.005652546,-0.340524732,Cluster 3
1_bin.28,1,STW,2014,Proteobacteria,-0.005572608,0.418732142,Cluster 3
78_bin.42,78,STW,2018,Proteobacteria,-0.005469122,-0.19887652,Cluster 3
2_bin.1,2,SAW,2014,Proteobacteria,-0.005341206,-0.001026646,Cluster 3
63_bin.1,63,SAW,2017,Proteobacteria,-0.005060131,-0.025315191,Cluster 3
24_bin.13,24,STW,2015,Proteobacteria,-0.004564159,-0.283070421,Cluster 3
27_bin.10,27,SAW,2015,Proteobacteria,-0.004513313,-0.038261139,Cluster 3
67_bin.37,67,STW,2017,Proteobacteria,-0.004194149,-0.047431765,Cluster 3
38_bin.15,38,Front,2016,Proteobacteria,-0.000842437,-0.003999408,Cluster 3
54_bin.3,54,SAW,2017,Proteobacteria,-0.00061296,0.027749311,Cluster 3
41_bin.56,41,SAW,2016,Proteobacteria,9.88E-05,-0.186787712,Cluster 3
36_bin.34,36,Neritic,2016,Proteobacteria,0.000486471,0.291213074,Cluster 3
41_bin.86,41,SAW,2016,Proteobacteria,0.001450585,-0.260020805,Cluster 3
9_bin.17,9,Deep,2015,SAR324,0.002541083,0.312490545,Cluster 3
43_bin.6,43,Deep,2016,Proteobacteria,0.002595355,0.477175716,Cluster 3
23_bin.47,23,Deep,2015,Proteobacteria,0.003411198,-0.313138809,Cluster 3
40_bin.41,40,SAW,2016,Proteobacteria,0.003939158,-0.042917619,Cluster 3
83_bin.14,83,Deep,2018,Proteobacteria,0.004030029,0.003204751,Cluster 3
52_bin.21,52,STW,2017,Proteobacteria,0.005329303,-0.235460858,Cluster 3
65_bin.38,65,STW,2017,Proteobacteria,0.006086168,0.03565791,Cluster 3
32_bin.6,32,STW,2016,Proteobacteria,0.006829453,-0.007869542,Cluster 3
36_bin.63,36,Neritic,2016,Proteobacteria,0.006891942,-0.115783783,Cluster 3
6_bin.20,6,SAW,2014,Proteobacteria,0.00720376,-0.036915326,Cluster 3
51_bin.52,51,Deep,2017,Proteobacteria,0.010294027,0.099960775,Cluster 3
80_bin.10,80,Deep,2018,Proteobacteria,0.010816797,0.137181732,Cluster 3
7_bin.35,7,STW,2015,Proteobacteria,0.010982549,-0.146083158,Cluster 3
68_bin.16,68,SAW,2017,Proteobacteria,0.016032007,0.489267751,Cluster 3
20_bin.14,20,Deep,2015,Proteobacteria,0.016334276,-0.01409793,Cluster 3
41_bin.102,41,SAW,2016,Proteobacteria,0.017532467,-0.023713836,Cluster 3
36_bin.50,36,Neritic,2016,Proteobacteria,0.017906989,0.085286452,Cluster 3
47_bin.20,47,Deep,2016,Proteobacteria,0.019842098,-0.014037704,Cluster 3
74_bin.2,74,SAW,2018,Proteobacteria,0.020127259,-0.234022835,Cluster 3
63_bin.15,63,SAW,2017,Proteobacteria,0.020996076,0.033694349,Cluster 3
61_bin.34,61,Deep,2017,Proteobacteria,0.021417882,0.01116141,Cluster 3
53_bin.10,53,SAW,2017,Proteobacteria,0.021495556,0.393378343,Cluster 3
68_bin.13,68,SAW,2017,Proteobacteria,0.022152553,-0.014462506,Cluster 3
46_bin.51,46,SAW,2016,Proteobacteria,0.024181196,-0.1744329,Cluster 3
54_bin.14,54,SAW,2017,Proteobacteria,0.024547612,0.350101355,Cluster 3
78_bin.45,78,STW,2018,Proteobacteria,0.024555831,-0.001826812,Cluster 3
29_bin.34,29,SAW,2015,Proteobacteria,0.024751362,-0.030237533,Cluster 3
45_bin.9,45,Front,2016,Proteobacteria,0.025082901,0.270740667,Cluster 3
13_bin.15,13,STW,2015,Proteobacteria,0.025330707,0.151104992,Cluster 3
41_bin.100,41,SAW,2016,Proteobacteria,0.026323828,-0.283123523,Cluster 3
64_bin.3,64,Deep,2017,Proteobacteria,0.027488124,0.157201754,Cluster 3
41_bin.69,41,SAW,2016,Proteobacteria,0.028476751,-0.167118737,Cluster 3
26_bin.10,26,Front,2015,Proteobacteria,0.029587703,-0.452762079,Cluster 3
71_bin.20,71,SAW,2018,Proteobacteria,0.03074345,-0.274166406,Cluster 3
76_bin.30,76,STW,2018,Proteobacteria,0.032378485,0.00118333,Cluster 3
68_bin.22,68,SAW,2017,Proteobacteria,0.032495812,-0.186292035,Cluster 3
43_bin.18,43,Deep,2016,Proteobacteria,0.033040513,0.054479239,Cluster 3
68_bin.29,68,SAW,2017,Proteobacteria,0.033144451,-0.128754972,Cluster 3
72_bin.13,72,Deep,2018,Verrucomicrobiota,0.033250297,-0.096933432,Cluster 3
72_bin.11,72,Deep,2018,Proteobacteria,0.033732586,0.095896607,Cluster 3
83_bin.41,83,Deep,2018,Proteobacteria,0.034323024,-0.68103899,Cluster 3
25_bin.21,25,STW,2015,Proteobacteria,0.034767584,0.588493569,Cluster 3
61_bin.54,61,Deep,2017,Proteobacteria,0.03546762,0.085352985,Cluster 3
6_bin.3,6,SAW,2014,Proteobacteria,0.03638504,0.725411258,Cluster 3
37_bin.66,37,STW,2016,Proteobacteria,0.036519752,-0.051205452,Cluster 3
61_bin.42,61,Deep,2017,Proteobacteria,0.037262853,-0.400040161,Cluster 3
39_bin.37,39,SAW,2016,Proteobacteria,0.037913744,-0.020468598,Cluster 3
36_bin.26,36,Neritic,2016,Verrucomicrobiota,0.038035105,-1.195463135,Cluster 3
34_bin.15,34,Deep,2016,Proteobacteria,0.038224724,-0.003369928,Cluster 3
9_bin.33,9,Deep,2015,Verrucomicrobiota,0.039093085,-0.572778718,Cluster 3
51_bin.32,51,Deep,2017,Verrucomicrobiota,0.039507352,-0.124303189,Cluster 3
65_bin.3,65,STW,2017,Proteobacteria,0.039519639,-0.004055421,Cluster 3
23_bin.9,23,Deep,2015,Proteobacteria,0.040356818,-0.006669543,Cluster 3
34_bin.10,34,Deep,2016,Proteobacteria,0.042395046,0.188908142,Cluster 3
51_bin.24,51,Deep,2017,Proteobacteria,0.043737735,-0.048251807,Cluster 3
67_bin.7,67,STW,2017,Proteobacteria,0.043744184,-0.227855543,Cluster 3
35_bin.71,35,Neritic,2016,Verrucomicrobiota,0.044155634,0.453307239,Cluster 3
82_bin.26,82,SAW,2018,Proteobacteria,0.044355692,0.002977664,Cluster 3
80_bin.46,80,Deep,2018,Proteobacteria,0.044359335,-0.001335406,Cluster 3
61_bin.57,61,Deep,2017,Proteobacteria,0.045031771,0.160266641,Cluster 3
36_bin.5,36,Neritic,2016,Proteobacteria,0.045040187,-0.082710865,Cluster 3
40_bin.58,40,SAW,2016,Proteobacteria,0.045382597,-0.196924383,Cluster 3
54_bin.37,54,SAW,2017,Proteobacteria,0.046045271,-0.126192094,Cluster 3
22_bin.8,22,SAW,2015,Proteobacteria,0.046882221,0.002883969,Cluster 3
43_bin.10,43,Deep,2016,Verrucomicrobiota,0.047080488,-0.295720368,Cluster 3
47_bin.39,47,Deep,2016,Proteobacteria,0.047498817,-0.024186643,Cluster 3
79_bin.28,79,SAW,2018,Proteobacteria,0.047686469,0.333852222,Cluster 3
76_bin.36,76,STW,2018,Proteobacteria,0.050535625,0.635867357,Cluster 3
9_bin.44,9,Deep,2015,Proteobacteria,0.051338708,0.163119293,Cluster 3
51_bin.23,51,Deep,2017,Proteobacteria,0.051739183,0.001471245,Cluster 3
43_bin.27,43,Deep,2016,Proteobacteria,0.052589964,-0.004271714,Cluster 3
3_bin.18,3,Deep,2014,Proteobacteria,0.054070574,0.415888249,Cluster 3
21_bin.20,21,STW,2015,Proteobacteria,0.055800363,-0.210980761,Cluster 3
37_bin.51,37,STW,2016,Proteobacteria,0.056416087,-0.130582844,Cluster 3
69_bin.25,69,Deep,2017,Proteobacteria,0.056566553,0.116444533,Cluster 3
71_bin.8,71,SAW,2018,Proteobacteria,0.057285943,-0.109742925,Cluster 3
54_bin.29,54,SAW,2017,Proteobacteria,0.057300008,-0.156527933,Cluster 3
27_bin.13,27,SAW,2015,Proteobacteria,0.05775595,-0.008803422,Cluster 3
36_bin.75,36,Neritic,2016,Proteobacteria,0.058718182,-0.139599792,Cluster 3
26_bin.14,26,Front,2015,Proteobacteria,0.05966708,-0.008345277,Cluster 3
37_bin.23,37,STW,2016,Proteobacteria,0.060510813,-0.151068862,Cluster 3
23_bin.20,23,Deep,2015,Proteobacteria,0.061607922,0.00075713,Cluster 3
12_bin.37,12,Neritic,2015,Proteobacteria,0.062694817,-0.173426116,Cluster 3
12_bin.16,12,Neritic,2015,Proteobacteria,0.063530754,0.011842358,Cluster 3
53_bin.14,53,SAW,2017,Proteobacteria,0.064942346,-0.315090978,Cluster 3
82_bin.29,82,SAW,2018,Proteobacteria,0.065933413,-0.441996516,Cluster 3
8_bin.7,8,SAW,2015,Proteobacteria,0.066528245,-0.178495661,Cluster 3
29_bin.7,29,SAW,2015,Proteobacteria,0.066721913,-0.00488122,Cluster 3
3_bin.6,3,Deep,2014,Proteobacteria,0.067102959,0.011884029,Cluster 3
44_bin.13,44,STW,2016,Proteobacteria,0.067584419,0.030810702,Cluster 3
47_bin.21,47,Deep,2016,Proteobacteria,0.068695663,0.115432385,Cluster 3
29_bin.18,29,SAW,2015,Verrucomicrobiota,0.068933907,-0.930601401,Cluster 3
82_bin.10,82,SAW,2018,Proteobacteria,0.070981089,-0.130552094,Cluster 3
28_bin.22,28,SAW,2015,Proteobacteria,0.071888898,-0.010314517,Cluster 3
51_bin.53,51,Deep,2017,Proteobacteria,0.07349319,-0.037149107,Cluster 3
36_bin.38,36,Neritic,2016,Proteobacteria,0.074634245,-0.118472084,Cluster 3
41_bin.60,41,SAW,2016,Proteobacteria,0.075049614,-0.271890578,Cluster 3
3_bin.26,3,Deep,2014,Proteobacteria,0.075300469,0.084575313,Cluster 3
6_bin.14,6,SAW,2014,Proteobacteria,0.075921377,-0.104495622,Cluster 3
52_bin.35,52,STW,2017,Proteobacteria,0.078092643,-0.137644057,Cluster 3
5_bin.15,5,SAW,2014,Proteobacteria,0.078361233,0.115939666,Cluster 3
20_bin.24,20,Deep,2015,Proteobacteria,0.078466648,0.137165206,Cluster 3
10_bin.12,10,STW,2015,Proteobacteria,0.078707287,-0.182939436,Cluster 3
50_bin.20,50,SAW,2017,Proteobacteria,0.079282108,0.20546837,Cluster 3
52_bin.3,52,STW,2017,Proteobacteria,0.079992857,-0.482649968,Cluster 3
42_bin.38,42,SAW,2016,Proteobacteria,0.08109529,-0.110346666,Cluster 3
12_bin.45,12,Neritic,2015,Proteobacteria,0.0814203,-0.017666411,Cluster 3
35_bin.7,35,Neritic,2016,Proteobacteria,0.081457383,-0.029517769,Cluster 3
33_bin.23,33,SAW,2016,Proteobacteria,0.082711925,-0.230426254,Cluster 3
46_bin.36,46,SAW,2016,Proteobacteria,0.08279096,-0.108846896,Cluster 3
23_bin.45,23,Deep,2015,Proteobacteria,0.082975223,-0.132669414,Cluster 3
83_bin.23,83,Deep,2018,Proteobacteria,0.082979207,0.128519929,Cluster 3
54_bin.31,54,SAW,2017,Proteobacteria,0.08383281,-0.092600277,Cluster 3
23_bin.48,23,Deep,2015,Proteobacteria,0.084498244,0.170340248,Cluster 3
40_bin.24,40,SAW,2016,Proteobacteria,0.085710129,-0.154545551,Cluster 3
35_bin.45,35,Neritic,2016,Proteobacteria,0.086593621,-0.103182693,Cluster 3
23_bin.55,23,Deep,2015,Proteobacteria,0.086872658,0.07523816,Cluster 3
6_bin.9,6,SAW,2014,Proteobacteria,0.087213555,-0.145150369,Cluster 3
9_bin.24,9,Deep,2015,Verrucomicrobiota,0.087314419,-0.538107587,Cluster 3
46_bin.26,46,SAW,2016,Proteobacteria,0.088221866,-0.221921175,Cluster 3
39_bin.17,39,SAW,2016,Proteobacteria,0.09200674,-0.722320636,Cluster 3
23_bin.40,23,Deep,2015,Proteobacteria,0.092051754,0.053085218,Cluster 3
51_bin.15,51,Deep,2017,Proteobacteria,0.092430953,0.264446144,Cluster 3
35_bin.67,35,Neritic,2016,Proteobacteria,0.092513727,0.030656082,Cluster 3
44_bin.11,44,STW,2016,Proteobacteria,0.093563246,0.07132461,Cluster 3
34_bin.45,34,Deep,2016,Proteobacteria,0.094375108,0.04348679,Cluster 3
29_bin.27,29,SAW,2015,Proteobacteria,0.094664505,-0.134308471,Cluster 3
26_bin.31,26,Front,2015,Proteobacteria,0.094672781,-0.126500511,Cluster 3
24_bin.14,24,STW,2015,Proteobacteria,0.094694131,-0.136851715,Cluster 3
69_bin.7,69,Deep,2017,Proteobacteria,0.095722891,0.134657058,Cluster 3
62_bin.5,62,STW,2017,SAR324,0.095778943,0.571422567,Cluster 3
52_bin.9,52,STW,2017,Proteobacteria,0.096667699,-0.09748468,Cluster 3
42_bin.17,42,SAW,2016,Proteobacteria,0.09781648,-0.173355899,Cluster 3
30_bin.4,30,SAW,2015,Proteobacteria,0.099030598,-0.136748641,Cluster 3
3_bin.7,3,Deep,2014,Proteobacteria,0.100432977,0.980085411,Cluster 3
23_bin.41,23,Deep,2015,Proteobacteria,0.101321097,0.159465135,Cluster 3
61_bin.37,61,Deep,2017,Proteobacteria,0.103094852,-0.041660721,Cluster 3
9_bin.37,9,Deep,2015,Verrucomicrobiota,0.10385064,-0.244198518,Cluster 3
23_bin.62,23,Deep,2015,Proteobacteria,0.104386748,0.027897792,Cluster 3
64_bin.26,64,Deep,2017,Proteobacteria,0.104462563,0.103679297,Cluster 3
20_bin.31,20,Deep,2015,Proteobacteria,0.104542541,0.082041559,Cluster 3
38_bin.58,38,Front,2016,Proteobacteria,0.104787922,-0.01548187,Cluster 3
32_bin.2,32,STW,2016,Proteobacteria,0.105684357,-0.432582251,Cluster 3
34_bin.14,34,Deep,2016,Proteobacteria,0.10827188,0.012622697,Cluster 3
18_bin.1,18,SAW,2015,Verrucomicrobiota,0.108997402,-0.084622508,Cluster 3
42_bin.50,42,SAW,2016,Verrucomicrobiota,0.109183147,-0.216018759,Cluster 3
80_bin.16,80,Deep,2018,Proteobacteria,0.109248104,0.118200737,Cluster 3
69_bin.23,69,Deep,2017,Verrucomicrobiota,0.109692929,0.274850771,Cluster 3
12_bin.24,12,Neritic,2015,Proteobacteria,0.110286261,-0.183098198,Cluster 3
3_bin.11,3,Deep,2014,Verrucomicrobiota,0.110380223,0.291971205,Cluster 3
26_bin.18,26,Front,2015,Proteobacteria,0.112023195,-0.106057721,Cluster 3
47_bin.38,47,Deep,2016,Proteobacteria,0.11342166,0.132367456,Cluster 3
51_bin.8,51,Deep,2017,Proteobacteria,0.113726463,0.148156451,Cluster 3
65_bin.22,65,STW,2017,Proteobacteria,0.11489858,0.081725918,Cluster 3
13_bin.8,13,STW,2015,Proteobacteria,0.116451737,0.078452552,Cluster 3
9_bin.45,9,Deep,2015,Proteobacteria,0.117860907,0.078839796,Cluster 3
67_bin.11,67,STW,2017,Proteobacteria,0.118518687,-0.128343328,Cluster 3
1_bin.17,1,STW,2014,Proteobacteria,0.118719872,0.093208282,Cluster 3
65_bin.32,65,STW,2017,Proteobacteria,0.118969015,-0.383017223,Cluster 3
39_bin.27,39,SAW,2016,Proteobacteria,0.119259607,-0.586947647,Cluster 3
12_bin.21,12,Neritic,2015,Proteobacteria,0.119967988,-0.151889505,Cluster 3
41_bin.6,41,SAW,2016,Proteobacteria,0.120438198,-0.184854359,Cluster 3
3_bin.17,3,Deep,2014,Proteobacteria,0.121285508,0.079232658,Cluster 3
76_bin.16,76,STW,2018,Proteobacteria,0.121354939,0.095920016,Cluster 3
43_bin.24,43,Deep,2016,Proteobacteria,0.121483598,0.123632751,Cluster 3
80_bin.5,80,Deep,2018,Proteobacteria,0.12261493,0.0760563,Cluster 3
39_bin.10,39,SAW,2016,Proteobacteria,0.122870744,-0.112326892,Cluster 3
41_bin.85,41,SAW,2016,Proteobacteria,0.122927497,0.034438624,Cluster 3
35_bin.31,35,Neritic,2016,Proteobacteria,0.123670757,-0.097739272,Cluster 3
65_bin.17,65,STW,2017,Proteobacteria,0.124101213,0.074354547,Cluster 3
69_bin.12,69,Deep,2017,Verrucomicrobiota,0.12432203,-0.041571164,Cluster 3
23_bin.21,23,Deep,2015,Proteobacteria,0.124449493,0.078681953,Cluster 3
34_bin.52,34,Deep,2016,Proteobacteria,0.12449519,0.078639597,Cluster 3
74_bin.28,74,SAW,2018,Proteobacteria,0.124588003,-0.074466692,Cluster 3
24_bin.42,24,STW,2015,Proteobacteria,0.124844447,-0.075751017,Cluster 3
23_bin.25,23,Deep,2015,SAR324,0.125070718,0.4119683,Cluster 3
39_bin.4,39,SAW,2016,Proteobacteria,0.125347663,-0.135114796,Cluster 3
80_bin.45,80,Deep,2018,Proteobacteria,0.126194171,-0.012501235,Cluster 3
51_bin.22,51,Deep,2017,Proteobacteria,0.126620991,0.080720389,Cluster 3
47_bin.36,47,Deep,2016,Proteobacteria,0.12673143,0.078870875,Cluster 3
42_bin.32,42,SAW,2016,Proteobacteria,0.126981725,-0.303146963,Cluster 3
78_bin.30,78,STW,2018,Proteobacteria,0.127187821,0.071456845,Cluster 3
36_bin.39,36,Neritic,2016,Proteobacteria,0.127251923,-0.115492681,Cluster 3
12_bin.39,12,Neritic,2015,Proteobacteria,0.127345027,-0.102292553,Cluster 3
42_bin.67,42,SAW,2016,Proteobacteria,0.133210551,-0.11058681,Cluster 3
61_bin.58,61,Deep,2017,Proteobacteria,0.133409681,0.080576243,Cluster 3
78_bin.17,78,STW,2018,Proteobacteria,0.134643893,0.090251124,Cluster 3
61_bin.9,61,Deep,2017,Proteobacteria,0.135936341,0.117140684,Cluster 3
62_bin.19,62,STW,2017,Proteobacteria,0.136066583,0.074992608,Cluster 3
16_bin.24,16,SAW,2015,Verrucomicrobiota,0.136412766,-0.123549207,Cluster 3
41_bin.62,41,SAW,2016,Verrucomicrobiota,0.136487653,0.1011569,Cluster 3
15_bin.13,15,Front,2015,Proteobacteria,0.136782635,0.133755355,Cluster 3
25_bin.30,25,STW,2015,Proteobacteria,0.137212518,-0.144168366,Cluster 3
23_bin.16,23,Deep,2015,Proteobacteria,0.137430245,0.07009384,Cluster 3
41_bin.8,41,SAW,2016,Proteobacteria,0.137898431,0.01532885,Cluster 3
21_bin.18,21,STW,2015,Proteobacteria,0.138210695,-0.770810657,Cluster 3
52_bin.39,52,STW,2017,Proteobacteria,0.138601811,-0.328040422,Cluster 3
78_bin.20,78,STW,2018,Verrucomicrobiota,0.138737465,-0.066574023,Cluster 3
37_bin.19,37,STW,2016,Proteobacteria,0.139859932,-0.092630675,Cluster 3
5_bin.9,5,SAW,2014,Proteobacteria,0.139992278,-0.162908694,Cluster 3
36_bin.86,36,Neritic,2016,Verrucomicrobiota,0.140338938,0.76951517,Cluster 3
3_bin.3,3,Deep,2014,Proteobacteria,0.140393992,0.114200618,Cluster 3
69_bin.14,69,Deep,2017,Proteobacteria,0.140640797,0.086439633,Cluster 3
39_bin.13,39,SAW,2016,Verrucomicrobiota,0.140917657,-0.484418704,Cluster 3
43_bin.23,43,Deep,2016,Proteobacteria,0.142905791,0.071560216,Cluster 3
80_bin.27,80,Deep,2018,Proteobacteria,0.144393589,0.478585245,Cluster 3
35_bin.59,35,Neritic,2016,Proteobacteria,0.144423966,-0.103262839,Cluster 3
37_bin.48,37,STW,2016,Proteobacteria,0.144616092,-0.098181354,Cluster 3
36_bin.90,36,Neritic,2016,Proteobacteria,0.145042374,0.500338537,Cluster 3
20_bin.19,20,Deep,2015,Proteobacteria,0.145065,0.120504571,Cluster 3
53_bin.13,53,SAW,2017,Proteobacteria,0.145128983,-0.140877027,Cluster 3
8_bin.15,8,SAW,2015,Verrucomicrobiota,0.1462487,-0.415857445,Cluster 3
83_bin.1,83,Deep,2018,Proteobacteria,0.147212224,0.082126882,Cluster 3
69_bin.27,69,Deep,2017,Proteobacteria,0.147400189,0.08592884,Cluster 3
33_bin.18,33,SAW,2016,Proteobacteria,0.147481872,-0.067892399,Cluster 3
72_bin.2,72,Deep,2018,Proteobacteria,0.147610763,0.219216378,Cluster 3
38_bin.34,38,Front,2016,Proteobacteria,0.148080069,-0.134556744,Cluster 3
13_bin.18,13,STW,2015,Proteobacteria,0.148753291,0.388886845,Cluster 3
19_bin.20,19,SAW,2015,Verrucomicrobiota,0.149819633,-0.044210569,Cluster 3
41_bin.2,41,SAW,2016,Proteobacteria,0.150350562,-0.094065424,Cluster 3
17_bin.14,17,SAW,2015,Verrucomicrobiota,0.151122026,-0.199035163,Cluster 3
23_bin.30,23,Deep,2015,Proteobacteria,0.151866673,0.085331713,Cluster 3
80_bin.1,80,Deep,2018,Proteobacteria,0.152279759,0.095822311,Cluster 3
64_bin.19,64,Deep,2017,Proteobacteria,0.15308116,0.091264286,Cluster 3
82_bin.2,82,SAW,2018,Proteobacteria,0.153347523,-0.904293471,Cluster 3
80_bin.15,80,Deep,2018,Proteobacteria,0.153586599,-0.181056422,Cluster 3
21_bin.33,21,STW,2015,Proteobacteria,0.154512959,-0.072105797,Cluster 3
77_bin.24,77,SAW,2018,Proteobacteria,0.154537517,0.089925874,Cluster 3
47_bin.41,47,Deep,2016,Proteobacteria,0.155906724,0.090332702,Cluster 3
47_bin.5,47,Deep,2016,SAR324,0.156126964,0.55018248,Cluster 3
7_bin.37,7,STW,2015,Proteobacteria,0.156645887,-0.08579865,Cluster 3
71_bin.9,71,SAW,2018,Proteobacteria,0.156692165,-0.087446745,Cluster 3
34_bin.25,34,Deep,2016,SAR324,0.156984419,0.437760052,Cluster 3
9_bin.21,9,Deep,2015,Proteobacteria,0.157363718,0.098939503,Cluster 3
80_bin.19,80,Deep,2018,Proteobacteria,0.157762013,0.032868069,Cluster 3
20_bin.26,20,Deep,2015,Proteobacteria,0.15814927,0.088281166,Cluster 3
8_bin.12,8,SAW,2015,Proteobacteria,0.158264302,-0.091335313,Cluster 3
37_bin.31,37,STW,2016,Proteobacteria,0.158687501,-0.285958634,Cluster 3
37_bin.14,37,STW,2016,Proteobacteria,0.159017995,0.087078931,Cluster 3
42_bin.59,42,SAW,2016,Proteobacteria,0.159590455,0.328922699,Cluster 3
83_bin.3,83,Deep,2018,Proteobacteria,0.15999817,0.08924193,Cluster 3
79_bin.12,79,SAW,2018,Verrucomicrobiota,0.160210505,-0.045336809,Cluster 3
51_bin.42,51,Deep,2017,Proteobacteria,0.160299498,0.089258525,Cluster 3
38_bin.60,38,Front,2016,Proteobacteria,0.161448224,0.092141661,Cluster 3
35_bin.25,35,Neritic,2016,Proteobacteria,0.161639821,0.073211425,Cluster 3
83_bin.27,83,Deep,2018,Proteobacteria,0.162015285,0.008555463,Cluster 3
61_bin.20,61,Deep,2017,Proteobacteria,0.162642165,0.094916285,Cluster 3
54_bin.1,54,SAW,2017,Proteobacteria,0.162782709,-0.180473041,Cluster 3
34_bin.38,34,Deep,2016,Proteobacteria,0.163126705,0.096467351,Cluster 3
7_bin.33,7,STW,2015,Proteobacteria,0.163152732,-0.601432633,Cluster 3
21_bin.17,21,STW,2015,Proteobacteria,0.163963263,-0.019546627,Cluster 3
42_bin.33,42,SAW,2016,Proteobacteria,0.164814349,-0.078276458,Cluster 3
36_bin.22,36,Neritic,2016,Proteobacteria,0.164970629,-0.116406796,Cluster 3
5_bin.10,5,SAW,2014,Proteobacteria,0.166800961,0.229347914,Cluster 3
36_bin.55,36,Neritic,2016,Proteobacteria,0.166872694,0.055908074,Cluster 3
34_bin.24,34,Deep,2016,Proteobacteria,0.16693178,0.111592943,Cluster 3
23_bin.60,23,Deep,2015,Proteobacteria,0.16764593,0.106869474,Cluster 3
40_bin.28,40,SAW,2016,Proteobacteria,0.169909059,-0.072276347,Cluster 3
51_bin.18,51,Deep,2017,Proteobacteria,0.170478569,0.096471847,Cluster 3
38_bin.28,38,Front,2016,Verrucomicrobiota,0.172791804,-0.607208703,Cluster 3
35_bin.29,35,Neritic,2016,Proteobacteria,0.17325587,0.100249921,Cluster 3
8_bin.24,8,SAW,2015,Proteobacteria,0.173445664,-0.169607456,Cluster 3
36_bin.83,36,Neritic,2016,Proteobacteria,0.174582867,0.097162957,Cluster 3
15_bin.8,15,Front,2015,Proteobacteria,0.174706332,0.027026419,Cluster 3
61_bin.32,61,Deep,2017,SAR324,0.175974403,-0.488379062,Cluster 3
83_bin.15,83,Deep,2018,Proteobacteria,0.176537034,0.419652594,Cluster 3
37_bin.35,37,STW,2016,Proteobacteria,0.180149096,0.060262919,Cluster 3
80_bin.31,80,Deep,2018,SAR324,0.180418602,0.3479104,Cluster 3
26_bin.17,26,Front,2015,Verrucomicrobiota,0.180427773,-0.348245299,Cluster 3
48_bin.34,48,STW,2017,Proteobacteria,0.181537455,-0.099286921,Cluster 3
68_bin.10,68,SAW,2017,Verrucomicrobiota,0.182953271,-0.29873105,Cluster 3
83_bin.39,83,Deep,2018,Verrucomicrobiota,0.182962354,-0.061583034,Cluster 3
41_bin.17,41,SAW,2016,Proteobacteria,0.184694128,0.165524087,Cluster 3
61_bin.40,61,Deep,2017,Verrucomicrobiota,0.185866888,-0.096416269,Cluster 3
58_bin.29,58,SAW,2017,Proteobacteria,0.185942425,0.008927622,Cluster 3
77_bin.34,77,SAW,2018,Proteobacteria,0.186260832,0.376313053,Cluster 3
35_bin.23,35,Neritic,2016,Proteobacteria,0.188260686,-0.099337838,Cluster 3
34_bin.20,34,Deep,2016,Proteobacteria,0.188506951,0.034067331,Cluster 3
34_bin.39,34,Deep,2016,Proteobacteria,0.188509746,0.267327286,Cluster 3
41_bin.27,41,SAW,2016,Verrucomicrobiota,0.190380484,-0.495663506,Cluster 3
39_bin.12,39,SAW,2016,Proteobacteria,0.1907635,-0.038405257,Cluster 3
1_bin.12,1,STW,2014,Proteobacteria,0.19089345,0.016008877,Cluster 3
12_bin.23,12,Neritic,2015,Proteobacteria,0.193063186,0.219236933,Cluster 3
52_bin.37,52,STW,2017,Proteobacteria,0.193635869,-0.07959415,Cluster 3
36_bin.41,36,Neritic,2016,Proteobacteria,0.196054776,-0.078697613,Cluster 3
48_bin.37,48,STW,2017,Proteobacteria,0.196561104,0.018197824,Cluster 3
37_bin.71,37,STW,2016,Proteobacteria,0.198564234,-0.121868178,Cluster 3
79_bin.37,79,SAW,2018,Proteobacteria,0.199276608,0.043382505,Cluster 3
20_bin.20,20,Deep,2015,Verrucomicrobiota,0.199845404,-0.090243547,Cluster 3
23_bin.15,23,Deep,2015,Verrucomicrobiota,0.199941302,-0.100071376,Cluster 3
61_bin.29,61,Deep,2017,Proteobacteria,0.201310352,-0.168957792,Cluster 3
24_bin.18,24,STW,2015,Verrucomicrobiota,0.201448587,-0.194662821,Cluster 3
21_bin.6,21,STW,2015,Proteobacteria,0.202032005,0.287930614,Cluster 3
61_bin.33,61,Deep,2017,Proteobacteria,0.203884439,0.17432696,Cluster 3
79_bin.30,79,SAW,2018,Proteobacteria,0.203911639,0.04167058,Cluster 3
47_bin.37,47,Deep,2016,Proteobacteria,0.204544993,0.189495539,Cluster 3
23_bin.29,23,Deep,2015,Proteobacteria,0.206478097,0.187827354,Cluster 3
33_bin.32,33,SAW,2016,Proteobacteria,0.207001446,0.033862363,Cluster 3
80_bin.42,80,Deep,2018,Verrucomicrobiota,0.207336698,-0.167432736,Cluster 3
20_bin.23,20,Deep,2015,Proteobacteria,0.207675675,0.17965093,Cluster 3
74_bin.17,74,SAW,2018,Proteobacteria,0.207734586,0.051361209,Cluster 3
41_bin.76,41,SAW,2016,Proteobacteria,0.207798605,-0.272382091,Cluster 3
34_bin.4,34,Deep,2016,Proteobacteria,0.208309802,0.090537416,Cluster 3
76_bin.19,76,STW,2018,Verrucomicrobiota,0.20842781,-0.063106529,Cluster 3
37_bin.41,37,STW,2016,Proteobacteria,0.208714372,0.283603367,Cluster 3
69_bin.16,69,Deep,2017,Proteobacteria,0.208734815,0.187197141,Cluster 3
23_bin.24,23,Deep,2015,Proteobacteria,0.208875216,0.173472538,Cluster 3
80_bin.44,80,Deep,2018,Proteobacteria,0.209284747,0.171881631,Cluster 3
3_bin.12,3,Deep,2014,Proteobacteria,0.209923661,0.096225527,Cluster 3
9_bin.18,9,Deep,2015,Proteobacteria,0.210005318,0.180520084,Cluster 3
35_bin.55,35,Neritic,2016,Proteobacteria,0.210017846,0.310117351,Cluster 3
34_bin.11,34,Deep,2016,Proteobacteria,0.210018331,0.210238727,Cluster 3
64_bin.1,64,Deep,2017,Verrucomicrobiota,0.210333684,-0.431551888,Cluster 3
32_bin.9,32,STW,2016,Proteobacteria,0.211659701,-0.197356865,Cluster 3
83_bin.25,83,Deep,2018,Proteobacteria,0.213116781,0.182080734,Cluster 3
64_bin.33,64,Deep,2017,Proteobacteria,0.213574328,0.186951636,Cluster 3
51_bin.7,51,Deep,2017,Proteobacteria,0.215128036,0.190487257,Cluster 3
82_bin.14,82,SAW,2018,Verrucomicrobiota,0.215615407,-0.237154018,Cluster 3
6_bin.23,6,SAW,2014,Proteobacteria,0.215774102,0.28604534,Cluster 3
30_bin.1,30,SAW,2015,Proteobacteria,0.216344161,0.074392552,Cluster 3
50_bin.23,50,SAW,2017,Proteobacteria,0.216421256,0.026823633,Cluster 3
3_bin.1,3,Deep,2014,Proteobacteria,0.216498432,0.181689875,Cluster 3
1_bin.4,1,STW,2014,Proteobacteria,0.217114704,0.226149367,Cluster 3
46_bin.4,46,SAW,2016,Proteobacteria,0.217426126,0.178252536,Cluster 3
64_bin.6,64,Deep,2017,Verrucomicrobiota,0.217689901,-0.26456099,Cluster 3
47_bin.13,47,Deep,2016,Verrucomicrobiota,0.217843775,-0.09578,Cluster 3
28_bin.12,28,SAW,2015,Verrucomicrobiota,0.217981198,-0.038385912,Cluster 3
5_bin.21,5,SAW,2014,SAR324,0.218821259,0.334804688,Cluster 3
10_bin.18,10,STW,2015,Proteobacteria,0.220065285,0.094726307,Cluster 3
43_bin.37,43,Deep,2016,Proteobacteria,0.220581741,0.053589425,Cluster 3
8_bin.23,8,SAW,2015,Proteobacteria,0.223018496,0.021572919,Cluster 3
41_bin.3,41,SAW,2016,Proteobacteria,0.225250972,0.036380167,Cluster 3
6_bin.31,6,SAW,2014,Proteobacteria,0.226177181,0.075153109,Cluster 3
36_bin.69,36,Neritic,2016,Proteobacteria,0.227254095,0.019787963,Cluster 3
51_bin.19,51,Deep,2017,Verrucomicrobiota,0.22802258,-0.250035186,Cluster 3
41_bin.52,41,SAW,2016,Proteobacteria,0.229415726,-0.221125548,Cluster 3
41_bin.39,41,SAW,2016,Verrucomicrobiota,0.229600882,-0.044375076,Cluster 3
50_bin.9,50,SAW,2017,Proteobacteria,0.230992001,0.041327898,Cluster 3
43_bin.8,43,Deep,2016,Proteobacteria,0.231176447,0.090379384,Cluster 3
37_bin.70,37,STW,2016,Proteobacteria,0.23193513,0.103625104,Cluster 3
23_bin.61,23,Deep,2015,Proteobacteria,0.232071501,0.082978336,Cluster 3
61_bin.27,61,Deep,2017,Proteobacteria,0.232915249,0.07449104,Cluster 3
34_bin.16,34,Deep,2016,Verrucomicrobiota,0.233728006,-0.055573225,Cluster 3
40_bin.33,40,SAW,2016,Proteobacteria,0.233759861,0.043478883,Cluster 3
39_bin.43,39,SAW,2016,Proteobacteria,0.233848195,-0.005350316,Cluster 3
42_bin.27,42,SAW,2016,Proteobacteria,0.234156439,0.038550806,Cluster 3
33_bin.29,33,SAW,2016,Verrucomicrobiota,0.234196298,-0.045581955,Cluster 3
77_bin.48,77,SAW,2018,Proteobacteria,0.234800366,0.144917923,Cluster 3
43_bin.33,43,Deep,2016,Proteobacteria,0.23507481,0.311294094,Cluster 3
52_bin.46,52,STW,2017,Verrucomicrobiota,0.236579982,-0.089505216,Cluster 3
1_bin.8,1,STW,2014,Proteobacteria,0.23669769,0.201707321,Cluster 3
70_bin.3,70,STW,2018,Proteobacteria,0.237610339,-0.018802029,Cluster 3
37_bin.33,37,STW,2016,Proteobacteria,0.238546701,-0.218003236,Cluster 3
39_bin.33,39,SAW,2016,Verrucomicrobiota,0.241056038,-0.046835053,Cluster 3
41_bin.58,41,SAW,2016,Proteobacteria,0.241080853,0.028510629,Cluster 3
18_bin.18,18,SAW,2015,Verrucomicrobiota,0.241160434,0.347937651,Cluster 3
40_bin.49,40,SAW,2016,Proteobacteria,0.241465247,-0.626561617,Cluster 3
36_bin.46,36,Neritic,2016,Verrucomicrobiota,0.241523302,-0.411375527,Cluster 3
8_bin.36,8,SAW,2015,Proteobacteria,0.242223462,-0.212824833,Cluster 3
77_bin.19,77,SAW,2018,Proteobacteria,0.242466326,0.05127125,Cluster 3
79_bin.3,79,SAW,2018,Proteobacteria,0.243034776,0.076241364,Cluster 3
39_bin.36,39,SAW,2016,Proteobacteria,0.24411582,-0.006065169,Cluster 3
70_bin.32,70,STW,2018,Verrucomicrobiota,0.244463089,0.014693281,Cluster 3
36_bin.35,36,Neritic,2016,Verrucomicrobiota,0.244951406,0.015053562,Cluster 3
17_bin.30,17,SAW,2015,Proteobacteria,0.245423488,0.184331013,Cluster 3
48_bin.55,48,STW,2017,Proteobacteria,0.246033213,0.032199485,Cluster 3
68_bin.34,68,SAW,2017,Proteobacteria,0.247540195,-0.182431373,Cluster 3
26_bin.3,26,Front,2015,Proteobacteria,0.247748295,0.023209732,Cluster 3
19_bin.25,19,SAW,2015,Verrucomicrobiota,0.247752594,0.216954662,Cluster 3
38_bin.68,38,Front,2016,Verrucomicrobiota,0.248008459,-0.090246792,Cluster 3
8_bin.33,8,SAW,2015,Proteobacteria,0.248591291,0.046421966,Cluster 3
42_bin.39,42,SAW,2016,Proteobacteria,0.249350215,0.118247271,Cluster 3
56_bin.33,56,STW,2017,Verrucomicrobiota,0.249393198,0.015540974,Cluster 3
51_bin.1,51,Deep,2017,SAR324,0.249523254,0.211803733,Cluster 3
70_bin.8,70,STW,2018,Proteobacteria,0.250431298,0.054061073,Cluster 3
74_bin.4,74,SAW,2018,Proteobacteria,0.251098473,0.034023385,Cluster 3
23_bin.33,23,Deep,2015,Verrucomicrobiota,0.254375817,0.278129458,Cluster 3
54_bin.38,54,SAW,2017,Verrucomicrobiota,0.254462791,-0.336234824,Cluster 3
9_bin.42,9,Deep,2015,SAR324,0.254959679,0.158816043,Cluster 3
20_bin.2,20,Deep,2015,SAR324,0.25510339,0.161852131,Cluster 3
30_bin.5,30,SAW,2015,SAR324,0.255117217,0.318825399,Cluster 3
12_bin.40,12,Neritic,2015,Proteobacteria,0.255123184,0.045516007,Cluster 3
67_bin.36,67,STW,2017,Verrucomicrobiota,0.255829192,-0.186891232,Cluster 3
35_bin.3,35,Neritic,2016,Proteobacteria,0.255886941,-0.618576035,Cluster 3
34_bin.46,34,Deep,2016,Proteobacteria,0.256265585,0.176452463,Cluster 3
47_bin.40,47,Deep,2016,Verrucomicrobiota,0.256703659,-0.16726269,Cluster 3
10_bin.30,10,STW,2015,Verrucomicrobiota,0.256852309,0.258095846,Cluster 3
37_bin.47,37,STW,2016,Verrucomicrobiota,0.257425224,0.012805361,Cluster 3
50_bin.24,50,SAW,2017,Verrucomicrobiota,0.257428843,-0.063680259,Cluster 3
23_bin.5,23,Deep,2015,Proteobacteria,0.258146895,0.179152141,Cluster 3
28_bin.1,28,SAW,2015,Proteobacteria,0.258982646,0.031481417,Cluster 3
11_bin.7,11,SAW,2015,SAR324,0.260144422,0.371065191,Cluster 3
27_bin.16,27,SAW,2015,Proteobacteria,0.260444851,0.016987017,Cluster 3
22_bin.18,22,SAW,2015,Proteobacteria,0.260616613,0.038434408,Cluster 3
43_bin.31,43,Deep,2016,SAR324,0.260689641,0.476764972,Cluster 3
61_bin.10,61,Deep,2017,Verrucomicrobiota,0.260766655,-0.05482919,Cluster 3
11_bin.6,11,SAW,2015,Verrucomicrobiota,0.261677856,-0.065585921,Cluster 3
51_bin.47,51,Deep,2017,Verrucomicrobiota,0.262374089,-0.142074173,Cluster 3
12_bin.14,12,Neritic,2015,Verrucomicrobiota,0.262765897,-0.007351011,Cluster 3
2_bin.53,2,SAW,2014,Verrucomicrobiota,0.264996936,-0.348976108,Cluster 3
67_bin.15,67,STW,2017,Verrucomicrobiota,0.265368551,-0.114133778,Cluster 3
36_bin.79,36,Neritic,2016,Proteobacteria,0.266018339,0.040625117,Cluster 3
42_bin.26,42,SAW,2016,Verrucomicrobiota,0.266114679,-0.282224534,Cluster 3
40_bin.42,40,SAW,2016,Verrucomicrobiota,0.26725519,-0.088580989,Cluster 3
37_bin.42,37,STW,2016,Proteobacteria,0.267614191,0.038186832,Cluster 3
38_bin.4,38,Front,2016,Proteobacteria,0.267633171,0.091661314,Cluster 3
35_bin.10,35,Neritic,2016,Verrucomicrobiota,0.268008012,-0.077828279,Cluster 3
38_bin.48,38,Front,2016,Proteobacteria,0.268484814,0.025324234,Cluster 3
74_bin.3,74,SAW,2018,Verrucomicrobiota,0.268991501,-0.050334176,Cluster 3
82_bin.32,82,SAW,2018,Verrucomicrobiota,0.269188565,-0.592844733,Cluster 3
83_bin.26,83,Deep,2018,SAR324,0.270296485,0.192096671,Cluster 3
41_bin.35,41,SAW,2016,Proteobacteria,0.270695821,-0.154294077,Cluster 3
76_bin.32,76,STW,2018,Proteobacteria,0.270724506,0.217242513,Cluster 3
43_bin.36,43,Deep,2016,Verrucomicrobiota,0.271799421,-0.049541883,Cluster 3
3_bin.5,3,Deep,2014,Verrucomicrobiota,0.272578534,0.128678493,Cluster 3
37_bin.24,37,STW,2016,Verrucomicrobiota,0.273248226,-0.131617393,Cluster 3
8_bin.29,8,SAW,2015,Verrucomicrobiota,0.273299654,-0.052160108,Cluster 3
67_bin.18,67,STW,2017,Verrucomicrobiota,0.273369241,-0.03591475,Cluster 3
46_bin.2,46,SAW,2016,Verrucomicrobiota,0.273435201,-0.101702418,Cluster 3
6_bin.25,6,SAW,2014,Proteobacteria,0.273565758,0.017883021,Cluster 3
23_bin.35,23,Deep,2015,Verrucomicrobiota,0.273925632,-0.089156836,Cluster 3
74_bin.10,74,SAW,2018,Verrucomicrobiota,0.274216424,-0.11736705,Cluster 3
46_bin.47,46,SAW,2016,Verrucomicrobiota,0.275283751,-0.070116748,Cluster 3
54_bin.39,54,SAW,2017,Proteobacteria,0.275284702,-0.566897955,Cluster 3
41_bin.21,41,SAW,2016,Verrucomicrobiota,0.275352744,-0.056192059,Cluster 3
76_bin.34,76,STW,2018,Proteobacteria,0.275551851,0.182492261,Cluster 3
79_bin.49,79,SAW,2018,Verrucomicrobiota,0.275756893,-0.028753043,Cluster 3
42_bin.55,42,SAW,2016,Verrucomicrobiota,0.276492041,-0.054298687,Cluster 3
39_bin.6,39,SAW,2016,Verrucomicrobiota,0.276710941,-0.054121021,Cluster 3
23_bin.50,23,Deep,2015,Verrucomicrobiota,0.276729661,-0.035067313,Cluster 3
40_bin.18,40,SAW,2016,Proteobacteria,0.277602156,-0.005225874,Cluster 3
40_bin.13,40,SAW,2016,Verrucomicrobiota,0.278949335,-0.052842366,Cluster 3
51_bin.30,51,Deep,2017,Verrucomicrobiota,0.281045694,-0.049033761,Cluster 3
42_bin.65,42,SAW,2016,Verrucomicrobiota,0.281676495,-0.060728165,Cluster 3
77_bin.49,77,SAW,2018,Proteobacteria,0.281821441,-0.336677382,Cluster 3
47_bin.30,47,Deep,2016,Proteobacteria,0.282972125,0.290941886,Cluster 3
33_bin.2,33,SAW,2016,Proteobacteria,0.28333835,0.10306039,Cluster 3
80_bin.23,80,Deep,2018,Verrucomicrobiota,0.283557937,-0.053032256,Cluster 3
67_bin.26,67,STW,2017,Proteobacteria,0.283983873,0.038846066,Cluster 3
36_bin.11,36,Neritic,2016,Verrucomicrobiota,0.284666508,-0.081324035,Cluster 3
50_bin.14,50,SAW,2017,Proteobacteria,0.285604585,0.035606492,Cluster 3
43_bin.42,43,Deep,2016,Proteobacteria,0.285900871,0.207103702,Cluster 3
71_bin.2,71,SAW,2018,Verrucomicrobiota,0.286256758,-0.062426352,Cluster 3
64_bin.14,64,Deep,2017,SAR324,0.286517128,0.143944485,Cluster 3
74_bin.29,74,SAW,2018,Proteobacteria,0.28680763,0.018695472,Cluster 3
28_bin.19,28,SAW,2015,Proteobacteria,0.287302671,0.143351639,Cluster 3
2_bin.51,2,SAW,2014,Verrucomicrobiota,0.287686706,-0.065596528,Cluster 3
37_bin.44,37,STW,2016,Proteobacteria,0.28845497,-0.087956076,Cluster 3
35_bin.60,35,Neritic,2016,Proteobacteria,0.288639622,0.046849208,Cluster 3
71_bin.18,71,SAW,2018,Proteobacteria,0.288744534,0.030539602,Cluster 3
34_bin.36,34,Deep,2016,Proteobacteria,0.288907324,0.203556684,Cluster 3
51_bin.55,51,Deep,2017,Verrucomicrobiota,0.289245136,-0.044085976,Cluster 3
57_bin.18,57,Front,2017,Proteobacteria,0.289613497,0.037243682,Cluster 3
77_bin.11,77,SAW,2018,Verrucomicrobiota,0.289844555,-0.05671733,Cluster 3
83_bin.30,83,Deep,2018,Verrucomicrobiota,0.290591591,-0.077285622,Cluster 3
77_bin.12,77,SAW,2018,Verrucomicrobiota,0.292343441,-0.046942943,Cluster 3
36_bin.87,36,Neritic,2016,Proteobacteria,0.292836379,0.078797287,Cluster 3
68_bin.11,68,SAW,2017,Proteobacteria,0.293633847,0.038882613,Cluster 3
36_bin.17,36,Neritic,2016,Proteobacteria,0.294059951,0.036702462,Cluster 3
12_bin.11,12,Neritic,2015,Proteobacteria,0.294305873,0.143557244,Cluster 3
35_bin.30,35,Neritic,2016,Proteobacteria,0.295377065,-0.083365781,Cluster 3
80_bin.7,80,Deep,2018,Proteobacteria,0.295917416,0.192459446,Cluster 3
42_bin.57,42,SAW,2016,Proteobacteria,0.296144152,0.021851827,Cluster 3
74_bin.5,74,SAW,2018,Verrucomicrobiota,0.296671274,-0.045157649,Cluster 3
29_bin.30,29,SAW,2015,Proteobacteria,0.297133107,0.122951293,Cluster 3
40_bin.38,40,SAW,2016,Verrucomicrobiota,0.298023847,-0.041393994,Cluster 3
30_bin.10,30,SAW,2015,Proteobacteria,0.298356174,0.132168835,Cluster 3
42_bin.53,42,SAW,2016,Proteobacteria,0.298465363,0.037387207,Cluster 3
40_bin.34,40,SAW,2016,Proteobacteria,0.298870886,0.04558696,Cluster 3
19_bin.29,19,SAW,2015,SAR324,0.299640415,0.225352195,Cluster 3
23_bin.3,23,Deep,2015,Proteobacteria,0.300321492,0.102799385,Cluster 3
36_bin.84,36,Neritic,2016,Proteobacteria,0.300574575,-0.097210956,Cluster 3
25_bin.20,25,STW,2015,Proteobacteria,0.301138183,0.037650851,Cluster 3
11_bin.34,11,SAW,2015,Verrucomicrobiota,0.301587931,-0.077556756,Cluster 3
30_bin.13,30,SAW,2015,Proteobacteria,0.301639234,0.050169934,Cluster 3
6_bin.27,6,SAW,2014,Proteobacteria,0.302527148,0.050584536,Cluster 3
50_bin.5,50,SAW,2017,Proteobacteria,0.303184928,0.0597834,Cluster 3
42_bin.47,42,SAW,2016,Verrucomicrobiota,0.303545004,-0.024452555,Cluster 3
46_bin.30,46,SAW,2016,Proteobacteria,0.304516573,0.021783018,Cluster 3
18_bin.22,18,SAW,2015,Proteobacteria,0.306535795,0.261939588,Cluster 3
52_bin.27,52,STW,2017,Proteobacteria,0.306934132,0.042942726,Cluster 3
29_bin.23,29,SAW,2015,Proteobacteria,0.307002692,0.051825246,Cluster 3
48_bin.41,48,STW,2017,Verrucomicrobiota,0.308147245,0.054519236,Cluster 3
51_bin.64,51,Deep,2017,Proteobacteria,0.308781549,0.233712047,Cluster 3
68_bin.24,68,SAW,2017,Proteobacteria,0.309051862,0.053403219,Cluster 3
42_bin.10,42,SAW,2016,Verrucomicrobiota,0.309269821,0.326883345,Cluster 3
61_bin.53,61,Deep,2017,Proteobacteria,0.309931045,0.198191688,Cluster 3
69_bin.9,69,Deep,2017,SAR324,0.310021844,0.117972687,Cluster 3
8_bin.18,8,SAW,2015,SAR324,0.311325462,0.180482683,Cluster 3
16_bin.11,16,SAW,2015,SAR324,0.31154219,0.210544108,Cluster 3
26_bin.19,26,Front,2015,Proteobacteria,0.312618002,0.070256127,Cluster 3
27_bin.28,27,SAW,2015,Proteobacteria,0.312721816,0.063019917,Cluster 3
79_bin.23,79,SAW,2018,Proteobacteria,0.313996226,-0.034717217,Cluster 3
33_bin.4,33,SAW,2016,Verrucomicrobiota,0.31410008,-0.202454505,Cluster 3
25_bin.16,25,STW,2015,Proteobacteria,0.31555986,0.062605749,Cluster 3
41_bin.74,41,SAW,2016,Verrucomicrobiota,0.315955206,-0.021719013,Cluster 3
72_bin.8,72,Deep,2018,SAR324,0.316134378,0.200964316,Cluster 3
27_bin.1,27,SAW,2015,Proteobacteria,0.318626367,0.071459086,Cluster 3
7_bin.36,7,STW,2015,Verrucomicrobiota,0.318700484,0.235430657,Cluster 3
6_bin.4,6,SAW,2014,Verrucomicrobiota,0.319458175,0.394740858,Cluster 3
26_bin.12,26,Front,2015,Proteobacteria,0.321164868,0.327703819,Cluster 3
27_bin.25,27,SAW,2015,Proteobacteria,0.322616453,0.196452421,Cluster 3
7_bin.21,7,STW,2015,Verrucomicrobiota,0.32288771,-0.141967269,Cluster 3
67_bin.3,67,STW,2017,Proteobacteria,0.325386915,0.000400756,Cluster 3
24_bin.51,24,STW,2015,Verrucomicrobiota,0.328598775,0.056615856,Cluster 3
23_bin.52,23,Deep,2015,Verrucomicrobiota,0.329104479,0.329125131,Cluster 3
34_bin.27,34,Deep,2016,Verrucomicrobiota,0.329773946,-0.133909008,Cluster 3
83_bin.32,83,Deep,2018,Verrucomicrobiota,0.330082783,-0.020927295,Cluster 3
53_bin.31,53,SAW,2017,Verrucomicrobiota,0.330856857,-0.636299159,Cluster 3
41_bin.18,41,SAW,2016,Verrucomicrobiota,0.331028283,-0.077956855,Cluster 3
26_bin.15,26,Front,2015,Proteobacteria,0.335328956,0.07625027,Cluster 3
41_bin.57,41,SAW,2016,Verrucomicrobiota,0.335645782,0.288129845,Cluster 3
70_bin.31,70,STW,2018,Proteobacteria,0.336321878,0.017701497,Cluster 3
40_bin.15,40,SAW,2016,Verrucomicrobiota,0.33921241,-0.062021707,Cluster 3
71_bin.14,71,SAW,2018,Proteobacteria,0.339239517,0.048315966,Cluster 3
39_bin.5,39,SAW,2016,Verrucomicrobiota,0.33996581,-0.427704719,Cluster 3
25_bin.11,25,STW,2015,Proteobacteria,0.34210336,0.062397828,Cluster 3
20_bin.42,20,Deep,2015,Proteobacteria,0.342259003,0.214941036,Cluster 3
43_bin.5,43,Deep,2016,Proteobacteria,0.343238612,-0.14629344,Cluster 3
17_bin.28,17,SAW,2015,SAR324,0.34392024,0.15371964,Cluster 3
43_bin.45,43,Deep,2016,Verrucomicrobiota,0.344678398,-0.096742124,Cluster 3
41_bin.53,41,SAW,2016,Proteobacteria,0.345508104,-0.344545324,Cluster 3
39_bin.15,39,SAW,2016,SAR324,0.346219029,0.169770744,Cluster 3
66_bin.13,66,SAW,2017,Verrucomicrobiota,0.34710153,-1.127734586,Cluster 3
67_bin.2,67,STW,2017,Proteobacteria,0.350270702,0.053365161,Cluster 3
42_bin.34,42,SAW,2016,SAR324,0.35042186,0.234886657,Cluster 3
50_bin.15,50,SAW,2017,SAR324,0.350505169,0.169564573,Cluster 3
80_bin.36,80,Deep,2018,Verrucomicrobiota,0.350839156,-0.022234829,Cluster 3
42_bin.44,42,SAW,2016,Proteobacteria,0.350896973,-0.693062396,Cluster 3
47_bin.9,47,Deep,2016,Verrucomicrobiota,0.353957278,-0.020503028,Cluster 3
69_bin.13,69,Deep,2017,Verrucomicrobiota,0.355465467,-0.029240758,Cluster 3
8_bin.30,8,SAW,2015,Verrucomicrobiota,0.360222076,0.230456831,Cluster 3
68_bin.33,68,SAW,2017,Proteobacteria,0.360906629,0.080395127,Cluster 3
36_bin.7,36,Neritic,2016,SAR324,0.361043339,0.187530762,Cluster 3
38_bin.45,38,Front,2016,Verrucomicrobiota,0.361393761,0.280750934,Cluster 3
67_bin.29,67,STW,2017,Proteobacteria,0.363413298,0.244923617,Cluster 3
38_bin.32,38,Front,2016,Verrucomicrobiota,0.363611032,0.238421854,Cluster 3
33_bin.15,33,SAW,2016,Proteobacteria,0.365178572,0.056882287,Cluster 3
67_bin.17,67,STW,2017,SAR324,0.365422869,0.183418323,Cluster 3
61_bin.43,61,Deep,2017,Verrucomicrobiota,0.365988303,-0.028253031,Cluster 3
35_bin.62,35,Neritic,2016,SAR324,0.36611907,0.184850927,Cluster 3
24_bin.31,24,STW,2015,SAR324,0.366632734,0.186049689,Cluster 3
71_bin.6,71,SAW,2018,SAR324,0.367366428,0.177984726,Cluster 3
79_bin.16,79,SAW,2018,Verrucomicrobiota,0.368599321,0.232905134,Cluster 3
37_bin.39,37,STW,2016,SAR324,0.370623774,0.189377631,Cluster 3
6_bin.17,6,SAW,2014,Proteobacteria,0.371043595,0.183699418,Cluster 3
79_bin.27,79,SAW,2018,SAR324,0.37118268,0.134930943,Cluster 3
28_bin.16,28,SAW,2015,SAR324,0.371187627,0.194538825,Cluster 3
40_bin.3,40,SAW,2016,Verrucomicrobiota,0.371973042,0.395244093,Cluster 3
52_bin.38,52,STW,2017,Verrucomicrobiota,0.371990923,0.077723479,Cluster 3
12_bin.5,12,Neritic,2015,SAR324,0.373295982,0.224884752,Cluster 3
52_bin.43,52,STW,2017,SAR324,0.373568273,0.219927153,Cluster 3
34_bin.19,34,Deep,2016,Proteobacteria,0.374918355,0.087121157,Cluster 3
15_bin.1,15,Front,2015,SAR324,0.376817077,0.151408652,Cluster 3
51_bin.5,51,Deep,2017,Proteobacteria,0.37739383,-0.062778639,Cluster 3
29_bin.38,29,SAW,2015,Proteobacteria,0.378839118,0.213983366,Cluster 3
79_bin.47,79,SAW,2018,Verrucomicrobiota,0.380933465,0.212229307,Cluster 3
54_bin.12,54,SAW,2017,SAR324,0.381973013,0.304277749,Cluster 3
25_bin.25,25,STW,2015,Proteobacteria,0.382391881,0.047993868,Cluster 3
36_bin.18,36,Neritic,2016,Verrucomicrobiota,0.382399852,0.262388278,Cluster 3
41_bin.26,41,SAW,2016,Verrucomicrobiota,0.382763144,0.193469502,Cluster 3
21_bin.14,21,STW,2015,Verrucomicrobiota,0.382833257,0.067211133,Cluster 3
69_bin.2,69,Deep,2017,Proteobacteria,0.384100464,-0.091983766,Cluster 3
41_bin.10,41,SAW,2016,SAR324,0.384542709,0.243800741,Cluster 3
41_bin.84,41,SAW,2016,Proteobacteria,0.384760208,0.170069405,Cluster 3
52_bin.56,52,STW,2017,Verrucomicrobiota,0.387459473,0.161613807,Cluster 3
56_bin.5,56,STW,2017,Verrucomicrobiota,0.388511001,0.179194328,Cluster 3
20_bin.27,20,Deep,2015,Verrucomicrobiota,0.392377251,-0.116781449,Cluster 3
12_bin.18,12,Neritic,2015,Verrucomicrobiota,0.392511293,0.170516675,Cluster 3
36_bin.15,36,Neritic,2016,Verrucomicrobiota,0.3927897,0.225816827,Cluster 3
6_bin.15,6,SAW,2014,Verrucomicrobiota,0.393482732,0.400900848,Cluster 3
46_bin.29,46,SAW,2016,Proteobacteria,0.39397104,-0.369607233,Cluster 3
21_bin.2,21,STW,2015,SAR324,0.394245218,0.233191793,Cluster 3
23_bin.36,23,Deep,2015,Proteobacteria,0.394584935,-0.175493299,Cluster 3
12_bin.15,12,Neritic,2015,Proteobacteria,0.39537263,0.007932755,Cluster 3
38_bin.42,38,Front,2016,SAR324,0.398719659,0.250398185,Cluster 3
21_bin.8,21,STW,2015,Verrucomicrobiota,0.399075683,0.200349635,Cluster 3
52_bin.49,52,STW,2017,Verrucomicrobiota,0.399973522,0.174849898,Cluster 3
41_bin.43,41,SAW,2016,Verrucomicrobiota,0.400611125,0.226055118,Cluster 3
70_bin.6,70,STW,2018,Verrucomicrobiota,0.402542824,0.184788298,Cluster 3
39_bin.44,39,SAW,2016,Verrucomicrobiota,0.40546641,0.272379563,Cluster 3
21_bin.26,21,STW,2015,Verrucomicrobiota,0.407321132,0.181706488,Cluster 3
77_bin.1,77,SAW,2018,Verrucomicrobiota,0.407608472,0.30734978,Cluster 3
58_bin.32,58,SAW,2017,SAR324,0.409014227,0.184962959,Cluster 3
47_bin.4,47,Deep,2016,Proteobacteria,0.409992497,0.005397056,Cluster 3
37_bin.30,37,STW,2016,Verrucomicrobiota,0.410236506,0.249991264,Cluster 3
61_bin.50,61,Deep,2017,Proteobacteria,0.41087952,-0.007150536,Cluster 3
24_bin.54,24,STW,2015,Verrucomicrobiota,0.412955695,0.201328166,Cluster 3
74_bin.14,74,SAW,2018,SAR324,0.413243353,0.176249174,Cluster 3
79_bin.40,79,SAW,2018,Verrucomicrobiota,0.413703587,-0.08668214,Cluster 3
39_bin.2,39,SAW,2016,Verrucomicrobiota,0.417346829,0.311856641,Cluster 3
35_bin.38,35,Neritic,2016,Verrucomicrobiota,0.417745966,0.227771233,Cluster 3
33_bin.28,33,SAW,2016,Verrucomicrobiota,0.418447699,0.249086135,Cluster 3
42_bin.43,42,SAW,2016,Verrucomicrobiota,0.418649057,0.222329562,Cluster 3
77_bin.16,77,SAW,2018,Verrucomicrobiota,0.420836891,0.206215811,Cluster 3
10_bin.16,10,STW,2015,Verrucomicrobiota,0.422431132,0.155034917,Cluster 3
42_bin.20,42,SAW,2016,Verrucomicrobiota,0.429163957,0.198939416,Cluster 3
54_bin.35,54,SAW,2017,Proteobacteria,0.429816402,-0.317181761,Cluster 3
57_bin.11,57,Front,2017,Proteobacteria,0.431464659,-0.372504596,Cluster 3
50_bin.11,50,SAW,2017,Verrucomicrobiota,0.432231978,0.25971921,Cluster 3
80_bin.25,80,Deep,2018,Proteobacteria,0.432692833,-0.008111804,Cluster 3
9_bin.9,9,Deep,2015,Proteobacteria,0.434015118,0.137030193,Cluster 3
42_bin.62,42,SAW,2016,Proteobacteria,0.435019647,-0.03252424,Cluster 3
54_bin.8,54,SAW,2017,Verrucomicrobiota,0.437678963,0.202764896,Cluster 3
48_bin.1,48,STW,2017,Verrucomicrobiota,0.438711941,0.204599671,Cluster 3
40_bin.2,40,SAW,2016,Proteobacteria,0.439181311,-0.472444164,Cluster 3
70_bin.18,70,STW,2018,Verrucomicrobiota,0.439988143,0.221522286,Cluster 3
36_bin.66,36,Neritic,2016,Verrucomicrobiota,0.444229708,0.221427495,Cluster 3
74_bin.11,74,SAW,2018,Proteobacteria,0.444993149,-0.029031358,Cluster 3
19_bin.12,19,SAW,2015,Proteobacteria,0.447037975,-0.011538624,Cluster 3
42_bin.66,42,SAW,2016,Verrucomicrobiota,0.449171461,0.248674665,Cluster 3
2_bin.4,2,SAW,2014,Proteobacteria,0.449521624,-0.12497333,Cluster 3
38_bin.33,38,Front,2016,Verrucomicrobiota,0.449524745,0.206921801,Cluster 3
5_bin.20,5,SAW,2014,Proteobacteria,0.449533419,-0.011744938,Cluster 3
24_bin.53,24,STW,2015,Verrucomicrobiota,0.44973296,0.222359033,Cluster 3
40_bin.54,40,SAW,2016,Verrucomicrobiota,0.450718946,0.19704996,Cluster 3
50_bin.27,50,SAW,2017,Proteobacteria,0.450771001,-0.011383705,Cluster 3
6_bin.10,6,SAW,2014,Verrucomicrobiota,0.450850285,0.211360488,Cluster 3
52_bin.60,52,STW,2017,Verrucomicrobiota,0.451197647,0.217755622,Cluster 3
58_bin.3,58,SAW,2017,Proteobacteria,0.452263717,-0.013139926,Cluster 3
56_bin.16,56,STW,2017,Verrucomicrobiota,0.452525003,0.232448003,Cluster 3
18_bin.25,18,SAW,2015,Proteobacteria,0.452712177,-0.012967244,Cluster 3
79_bin.53,79,SAW,2018,Proteobacteria,0.452868961,-0.01885632,Cluster 3
7_bin.11,7,STW,2015,Verrucomicrobiota,0.453212433,0.258808921,Cluster 3
2_bin.23,2,SAW,2014,Proteobacteria,0.453851198,-0.025199699,Cluster 3
40_bin.4,40,SAW,2016,Verrucomicrobiota,0.455757694,0.199079613,Cluster 3
25_bin.10,25,STW,2015,Proteobacteria,0.4565464,-0.384148413,Cluster 3
11_bin.11,11,SAW,2015,Proteobacteria,0.456597382,-0.032578515,Cluster 3
11_bin.10,11,SAW,2015,Verrucomicrobiota,0.456768675,0.30972198,Cluster 3
63_bin.9,63,SAW,2017,Proteobacteria,0.458842358,-0.022460124,Cluster 3
35_bin.39,35,Neritic,2016,Verrucomicrobiota,0.459094513,0.214566216,Cluster 3
83_bin.10,83,Deep,2018,Proteobacteria,0.459449902,-0.231052644,Cluster 3
35_bin.9,35,Neritic,2016,Verrucomicrobiota,0.459583546,0.234134396,Cluster 3
82_bin.7,82,SAW,2018,Proteobacteria,0.46028221,0.002895992,Cluster 3
79_bin.17,79,SAW,2018,Proteobacteria,0.461987765,-0.002183424,Cluster 3
11_bin.15,11,SAW,2015,Verrucomicrobiota,0.463400569,0.261611224,Cluster 3
41_bin.89,41,SAW,2016,Proteobacteria,0.464255253,-0.058786591,Cluster 3
40_bin.40,40,SAW,2016,Proteobacteria,0.465266872,-0.033636285,Cluster 3
15_bin.11,15,Front,2015,Proteobacteria,0.465343199,-0.052989045,Cluster 3
37_bin.9,37,STW,2016,Verrucomicrobiota,0.466776352,0.212275887,Cluster 3
56_bin.18,56,STW,2017,Verrucomicrobiota,0.466828994,0.26214701,Cluster 3
6_bin.34,6,SAW,2014,Proteobacteria,0.467115682,0.278742583,Cluster 3
82_bin.11,82,SAW,2018,Proteobacteria,0.468412465,-0.016995573,Cluster 3
8_bin.22,8,SAW,2015,Verrucomicrobiota,0.470343655,0.258771184,Cluster 3
18_bin.27,18,SAW,2015,Proteobacteria,0.471815079,-0.022465776,Cluster 3
36_bin.59,36,Neritic,2016,Verrucomicrobiota,0.472859745,0.283668346,Cluster 3
29_bin.31,29,SAW,2015,Verrucomicrobiota,0.473687111,0.237379467,Cluster 3
68_bin.19,68,SAW,2017,Verrucomicrobiota,0.476292604,0.252125021,Cluster 3
16_bin.18,16,SAW,2015,Proteobacteria,0.47671809,-0.006102185,Cluster 3
30_bin.3,30,SAW,2015,Verrucomicrobiota,0.477692395,0.239301244,Cluster 3
21_bin.7,21,STW,2015,Verrucomicrobiota,0.480597809,0.210664832,Cluster 3
10_bin.25,10,STW,2015,Verrucomicrobiota,0.480913103,0.31310269,Cluster 3
54_bin.17,54,SAW,2017,Proteobacteria,0.481441554,-0.068428983,Cluster 3
24_bin.47,24,STW,2015,Verrucomicrobiota,0.482163496,0.295137771,Cluster 3
40_bin.37,40,SAW,2016,Verrucomicrobiota,0.482711877,0.412398149,Cluster 3
66_bin.10,66,SAW,2017,Proteobacteria,0.483651923,-0.019224419,Cluster 3
37_bin.43,37,STW,2016,Verrucomicrobiota,0.486007614,0.238590627,Cluster 3
71_bin.4,71,SAW,2018,Proteobacteria,0.486094237,-0.022559115,Cluster 3
5_bin.13,5,SAW,2014,Proteobacteria,0.48881116,-0.195649892,Cluster 3
54_bin.26,54,SAW,2017,Verrucomicrobiota,0.48944485,0.22924454,Cluster 3
2_bin.13,2,SAW,2014,SAR324,0.491774579,0.355800101,Cluster 3
22_bin.37,22,SAW,2015,Proteobacteria,0.492622945,-0.208057059,Cluster 3
40_bin.25,40,SAW,2016,Verrucomicrobiota,0.492956363,0.352626244,Cluster 3
33_bin.24,33,SAW,2016,Verrucomicrobiota,0.493010435,0.24566282,Cluster 3
77_bin.15,77,SAW,2018,Proteobacteria,0.494733391,-0.053373969,Cluster 3
42_bin.60,42,SAW,2016,Proteobacteria,0.495069118,-0.147184302,Cluster 3
77_bin.37,77,SAW,2018,Verrucomicrobiota,0.496163429,0.239285251,Cluster 3
66_bin.12,66,SAW,2017,Proteobacteria,0.497471604,-0.156102609,Cluster 3
56_bin.30,56,STW,2017,Proteobacteria,0.499796364,-0.15564005,Cluster 3
64_bin.12,64,Deep,2017,Proteobacteria,0.500604289,-0.340605756,Cluster 3
35_bin.33,35,Neritic,2016,Verrucomicrobiota,0.509426392,0.283107416,Cluster 3
74_bin.1,74,SAW,2018,Verrucomicrobiota,0.509787326,0.294749537,Cluster 3
27_bin.3,27,SAW,2015,Proteobacteria,0.518962305,-0.143888205,Cluster 3
70_bin.27,70,STW,2018,Proteobacteria,0.530261849,-0.830760936,Cluster 3
16_bin.5,16,SAW,2015,Proteobacteria,0.541862721,-0.222061083,Cluster 3
9_bin.23,9,Deep,2015,Proteobacteria,0.545239977,0.216520115,Cluster 3
21_bin.19,21,STW,2015,Proteobacteria,0.554274829,-0.356262706,Cluster 3
41_bin.61,41,SAW,2016,Proteobacteria,0.572645897,0.245113006,Cluster 3
39_bin.22,39,SAW,2016,Proteobacteria,0.578390441,-0.155200653,Cluster 3
23_bin.38,23,Deep,2015,Proteobacteria,0.585174752,0.186540329,Cluster 3
10_bin.20,10,STW,2015,Proteobacteria,0.586280176,0.066803896,Cluster 3
9_bin.46,9,Deep,2015,Proteobacteria,0.593616615,0.194712911,Cluster 3
39_bin.3,39,SAW,2016,Verrucomicrobiota,0.595913639,-0.086907405,Cluster 3
54_bin.32,54,SAW,2017,Proteobacteria,0.601303129,-0.317771417,Cluster 3
40_bin.6,40,SAW,2016,Proteobacteria,0.601518764,0.235464821,Cluster 3
56_bin.20,56,STW,2017,Proteobacteria,0.673666515,-0.118672877,Cluster 3
9_bin.36,9,Deep,2015,Verrucomicrobiota,0.707072466,0.293351005,Cluster 3
9_bin.11,9,Deep,2015,Proteobacteria,0.715259479,0.401267621,Cluster 3
46_bin.25,46,SAW,2016,Proteobacteria,0.734783597,-0.498126282,Cluster 3
7_bin.25,7,STW,2015,Proteobacteria,0.751722607,-0.515969533,Cluster 3
77_bin.31,77,SAW,2018,Proteobacteria,0.795687827,-0.234453639,Cluster 3