bin_ID,Sample,Watermass,Phylum,cluster
72_bin.1,72,Deep,Chloroflexota,clust1
61_bin.48,61,Deep,Chloroflexota,clust1
63_bin.3,63,SAW,Chloroflexota,clust1
79_bin.29,79,SAW,Chloroflexota,clust1
35_bin.54,35,Neritic,Cyanobacteria,clust1
62_bin.8,62,STW,Chloroflexota,clust1
73_bin.3,73,STW,Cyanobacteria,clust1
5_bin.19,5,SAW,Chloroflexota,clust1
72_bin.9,72,Deep,Cyanobacteria,clust1
17_bin.31,17,SAW,Chloroflexota,clust1
36_bin.1,36,Neritic,Cyanobacteria,clust1
81_bin.6,81,STW,Cyanobacteria,clust1
10_bin.34,10,STW,Cyanobacteria,clust1
77_bin.7,77,SAW,Chloroflexota,clust1
12_bin.33,12,Neritic,Cyanobacteria,clust1
1_bin.22,1,STW,Cyanobacteria,clust1
59_bin.1,59,STW,Cyanobacteria,clust1
37_bin.61,37,STW,Cyanobacteria,clust1
79_bin.10,79,SAW,Cyanobacteria,clust1
76_bin.22,76,STW,Cyanobacteria,clust1
62_bin.17,62,STW,Cyanobacteria,clust1
7_bin.22,7,STW,Cyanobacteria,clust1
78_bin.21,78,STW,Cyanobacteria,clust1
44_bin.17,44,STW,Cyanobacteria,clust1
38_bin.37,38,Front,Cyanobacteria,clust1
61_bin.56,61,Deep,Cyanobacteria,clust1
44_bin.21,44,STW,Cyanobacteria,clust2
51_bin.16,51,Deep,Planctomycetota,clust2
72_bin.3,72,Deep,Proteobacteria,clust2
61_bin.5,61,Deep,Planctomycetota,clust2
83_bin.33,83,Deep,Planctomycetota,clust2
20_bin.21,20,Deep,Planctomycetota,clust2
15_bin.9,15,Front,Proteobacteria,clust2
80_bin.37,80,Deep,Planctomycetota,clust2
16_bin.14,16,SAW,Proteobacteria,clust2
47_bin.16,47,Deep,Planctomycetota,clust2
2_bin.33,2,SAW,Proteobacteria,clust2
66_bin.29,66,SAW,Proteobacteria,clust2
45_bin.18,45,Front,Proteobacteria,clust2
4_bin.8,4,STW,Planctomycetota,clust2
64_bin.34,64,Deep,Proteobacteria,clust2
18_bin.2,18,SAW,Proteobacteria,clust2
17_bin.17,17,SAW,Proteobacteria,clust2
19_bin.18,19,SAW,Proteobacteria,clust2
80_bin.33,80,Deep,Proteobacteria,clust2
9_bin.1,9,Deep,Planctomycetota,clust2
34_bin.49,34,Deep,Planctomycetota,clust2
58_bin.12,58,SAW,Proteobacteria,clust2
57_bin.7,57,Front,Proteobacteria,clust2
43_bin.30,43,Deep,Planctomycetota,clust2
46_bin.52,46,SAW,Proteobacteria,clust2
43_bin.28,43,Deep,Proteobacteria,clust2
14_bin.2,14,STW,Proteobacteria,clust2
30_bin.8,30,SAW,Nitrospinota,clust2
23_bin.22,23,Deep,Planctomycetota,clust2
50_bin.2,50,SAW,Proteobacteria,clust2
77_bin.41,77,SAW,Proteobacteria,clust2
79_bin.61,79,SAW,Proteobacteria,clust2
76_bin.44,76,STW,Planctomycetota,clust2
1_bin.33,1,STW,Planctomycetota,clust2
67_bin.5,67,STW,Proteobacteria,clust2
34_bin.48,34,Deep,Proteobacteria,clust2
20_bin.41,20,Deep,Proteobacteria,clust2
5_bin.4,5,SAW,Proteobacteria,clust2
59_bin.3,59,STW,Planctomycetota,clust2
14_bin.8,14,STW,Planctomycetota,clust2
24_bin.28,24,STW,Cyanobacteria,clust2
77_bin.21,77,SAW,Proteobacteria,clust2
23_bin.10,23,Deep,Proteobacteria,clust2
61_bin.12,61,Deep,Proteobacteria,clust2
69_bin.11,69,Deep,Planctomycetota,clust2
83_bin.35,83,Deep,Proteobacteria,clust2
65_bin.40,65,STW,Proteobacteria,clust2
4_bin.2,4,STW,Proteobacteria,clust2
69_bin.22,69,Deep,Proteobacteria,clust2
44_bin.27,44,STW,Planctomycetota,clust2
13_bin.5,13,STW,Planctomycetota,clust2
62_bin.21,62,STW,Planctomycetota,clust2
51_bin.28,51,Deep,Proteobacteria,clust2
48_bin.32,48,STW,Cyanobacteria,clust2
65_bin.23,65,STW,Planctomycetota,clust2
34_bin.21,34,Deep,Proteobacteria,clust2
43_bin.9,43,Deep,Proteobacteria,clust2
12_bin.9,12,Neritic,Cyanobacteria,clust2
48_bin.8,48,STW,Nitrospinota,clust2
58_bin.15,58,SAW,Gemmatimonadota,clust2
74_bin.21,74,SAW,Gemmatimonadota,clust2
78_bin.24,78,STW,Proteobacteria,clust2
1_bin.15,1,STW,Proteobacteria,clust2
51_bin.54,51,Deep,Proteobacteria,clust2
62_bin.36,62,STW,Proteobacteria,clust2
52_bin.25,52,STW,Cyanobacteria,clust2
57_bin.5,57,Front,Cyanobacteria,clust2
48_bin.2,48,STW,Cyanobacteria,clust2
74_bin.7,74,SAW,Cyanobacteria,clust2
66_bin.6,66,SAW,Cyanobacteria,clust2
74_bin.13,74,SAW,Proteobacteria,clust2
25_bin.22,25,STW,Gemmatimonadota,clust2
62_bin.1,62,STW,Proteobacteria,clust2
29_bin.41,29,SAW,Nitrospinota,clust2
76_bin.26,76,STW,Proteobacteria,clust2
28_bin.18,28,SAW,Gemmatimonadota,clust2
26_bin.24,26,Front,Gemmatimonadota,clust2
65_bin.20,65,STW,Proteobacteria,clust2
61_bin.16,61,Deep,Proteobacteria,clust2
9_bin.12,9,Deep,Proteobacteria,clust2
29_bin.37,29,SAW,Gemmatimonadota,clust2
73_bin.6,73,STW,Nitrospinota,clust2
78_bin.36,78,STW,Proteobacteria,clust2
49_bin.2,49,Front,Gemmatimonadota,clust2
30_bin.21,30,SAW,Gemmatimonadota,clust2
63_bin.20,63,SAW,Proteobacteria,clust2
27_bin.7,27,SAW,Gemmatimonadota,clust2
30_bin.7,30,SAW,Myxococcota,clust2
77_bin.32,77,SAW,Cyanobacteria,clust2
24_bin.21,24,STW,Dadabacteria,clust2
29_bin.12,29,SAW,Myxococcota,clust2
76_bin.3,76,STW,Nitrospinota,clust2
13_bin.19,13,STW,Proteobacteria,clust2
82_bin.16,82,SAW,Proteobacteria,clust2
77_bin.4,77,SAW,Cyanobacteria,clust2
78_bin.10,78,STW,Cyanobacteria,clust2
47_bin.12,47,Deep,Proteobacteria,clust2
23_bin.18,23,Deep,Proteobacteria,clust2
77_bin.35,77,SAW,Marinisomatota,clust2
22_bin.11,22,SAW,Proteobacteria,clust2
3_bin.27,3,Deep,Proteobacteria,clust2
82_bin.21,82,SAW,Myxococcota,clust2
1_bin.23,1,STW,Proteobacteria,clust2
81_bin.2,81,STW,Proteobacteria,clust2
26_bin.9,26,Front,Cyanobacteria,clust2
82_bin.12,82,SAW,Cyanobacteria,clust2
34_bin.34,34,Deep,Proteobacteria,clust2
9_bin.8,9,Deep,Cyanobacteria,clust2
50_bin.16,50,SAW,Cyanobacteria,clust2
2_bin.54,2,SAW,Planctomycetota,clust2
11_bin.20,11,SAW,Fibrobacterota,clust2
79_bin.66,79,SAW,Cyanobacteria,clust2
30_bin.32,30,SAW,Cyanobacteria,clust2
24_bin.3,24,STW,Proteobacteria,clust2
51_bin.63,51,Deep,Planctomycetota,clust2
76_bin.20,76,STW,Cyanobacteria,clust2
65_bin.25,65,STW,Cyanobacteria,clust2
49_bin.4,49,Front,Proteobacteria,clust2
24_bin.38,24,STW,Nitrospinota,clust2
79_bin.22,79,SAW,Cyanobacteria,clust2
33_bin.1,33,SAW,Gemmatimonadota,clust2
13_bin.12,13,STW,Proteobacteria,clust2
5_bin.25,5,SAW,Proteobacteria,clust2
61_bin.49,61,Deep,Proteobacteria,clust3
56_bin.13,56,STW,Proteobacteria,clust3
33_bin.13,33,SAW,Proteobacteria,clust3
1_bin.18,1,STW,Proteobacteria,clust3
80_bin.21,80,Deep,Proteobacteria,clust3
29_bin.39,29,SAW,Proteobacteria,clust3
52_bin.48,52,STW,Proteobacteria,clust3
24_bin.19,24,STW,Proteobacteria,clust3
33_bin.34,33,SAW,Proteobacteria,clust3
23_bin.64,23,Deep,Proteobacteria,clust3
24_bin.39,24,STW,Proteobacteria,clust3
1_bin.5,1,STW,Proteobacteria,clust3
25_bin.27,25,STW,Proteobacteria,clust3
36_bin.73,36,Neritic,Proteobacteria,clust3
80_bin.29,80,Deep,Proteobacteria,clust3
40_bin.12,40,SAW,Proteobacteria,clust3
1_bin.9,1,STW,Verrucomicrobiota,clust3
54_bin.9,54,SAW,Proteobacteria,clust3
41_bin.99,41,SAW,Proteobacteria,clust3
34_bin.33,34,Deep,Verrucomicrobiota,clust3
38_bin.23,38,Front,Proteobacteria,clust3
38_bin.14,38,Front,Proteobacteria,clust3
34_bin.5,34,Deep,Proteobacteria,clust3
62_bin.9,62,STW,Proteobacteria,clust3
8_bin.1,8,SAW,Proteobacteria,clust3
43_bin.25,43,Deep,Proteobacteria,clust3
3_bin.14,3,Deep,Proteobacteria,clust3
22_bin.32,22,SAW,Proteobacteria,clust3
64_bin.8,64,Deep,Proteobacteria,clust3
20_bin.38,20,Deep,Proteobacteria,clust3
56_bin.34,56,STW,Proteobacteria,clust3
42_bin.58,42,SAW,Proteobacteria,clust3
47_bin.42,47,Deep,Proteobacteria,clust3
72_bin.12,72,Deep,Proteobacteria,clust3
51_bin.21,51,Deep,Proteobacteria,clust3
77_bin.40,77,SAW,Proteobacteria,clust3
30_bin.38,30,SAW,Proteobacteria,clust3
23_bin.57,23,Deep,Verrucomicrobiota,clust3
20_bin.44,20,Deep,Proteobacteria,clust3
71_bin.12,71,SAW,Proteobacteria,clust3
61_bin.11,61,Deep,Proteobacteria,clust3
46_bin.18,46,SAW,Proteobacteria,clust3
5_bin.28,5,SAW,Proteobacteria,clust3
82_bin.27,82,SAW,Proteobacteria,clust3
80_bin.13,80,Deep,Proteobacteria,clust3
28_bin.30,28,SAW,Proteobacteria,clust3
42_bin.3,42,SAW,Proteobacteria,clust3
12_bin.7,12,Neritic,Proteobacteria,clust3
45_bin.3,45,Front,Proteobacteria,clust3
42_bin.16,42,SAW,Proteobacteria,clust3
37_bin.13,37,STW,Proteobacteria,clust3
78_bin.22,78,STW,Proteobacteria,clust3
8_bin.2,8,SAW,Proteobacteria,clust3
50_bin.21,50,SAW,Proteobacteria,clust3
10_bin.29,10,STW,Proteobacteria,clust3
9_bin.14,9,Deep,Proteobacteria,clust3
51_bin.12,51,Deep,Proteobacteria,clust3
29_bin.25,29,SAW,Proteobacteria,clust3
37_bin.7,37,STW,Proteobacteria,clust3
70_bin.13,70,STW,Proteobacteria,clust3
23_bin.31,23,Deep,Proteobacteria,clust3
37_bin.5,37,STW,Proteobacteria,clust3
25_bin.13,25,STW,Proteobacteria,clust3
41_bin.77,41,SAW,Proteobacteria,clust3
36_bin.48,36,Neritic,Proteobacteria,clust3
47_bin.25,47,Deep,Proteobacteria,clust3
65_bin.42,65,STW,Proteobacteria,clust3
38_bin.52,38,Front,Proteobacteria,clust3
40_bin.22,40,SAW,Proteobacteria,clust3
25_bin.4,25,STW,Proteobacteria,clust3
76_bin.43,76,STW,Proteobacteria,clust3
83_bin.12,83,Deep,Proteobacteria,clust3
27_bin.9,27,SAW,Proteobacteria,clust3
39_bin.23,39,SAW,Proteobacteria,clust3
37_bin.38,37,STW,Proteobacteria,clust3
64_bin.18,64,Deep,Proteobacteria,clust3
51_bin.26,51,Deep,Proteobacteria,clust3
54_bin.16,54,SAW,Proteobacteria,clust3
70_bin.14,70,STW,Proteobacteria,clust3
10_bin.1,10,STW,Proteobacteria,clust3
71_bin.13,71,SAW,Proteobacteria,clust3
3_bin.25,3,Deep,Verrucomicrobiota,clust3
79_bin.5,79,SAW,Proteobacteria,clust3
68_bin.15,68,SAW,Proteobacteria,clust3
77_bin.18,77,SAW,Proteobacteria,clust3
48_bin.20,48,STW,Proteobacteria,clust3
41_bin.28,41,SAW,Proteobacteria,clust3
61_bin.28,61,Deep,Proteobacteria,clust3
44_bin.35,44,STW,Proteobacteria,clust3
35_bin.26,35,Neritic,Proteobacteria,clust3
40_bin.47,40,SAW,Proteobacteria,clust3
63_bin.8,63,SAW,Proteobacteria,clust3
8_bin.34,8,SAW,Proteobacteria,clust3
68_bin.18,68,SAW,Proteobacteria,clust3
70_bin.15,70,STW,Proteobacteria,clust3
29_bin.24,29,SAW,Proteobacteria,clust3
33_bin.19,33,SAW,Proteobacteria,clust3
20_bin.30,20,Deep,Proteobacteria,clust3
35_bin.21,35,Neritic,Proteobacteria,clust3
61_bin.26,61,Deep,Proteobacteria,clust3
30_bin.17,30,SAW,Proteobacteria,clust3
34_bin.44,34,Deep,Proteobacteria,clust3
35_bin.13,35,Neritic,Verrucomicrobiota,clust3
28_bin.28,28,SAW,Proteobacteria,clust3
25_bin.8,25,STW,Proteobacteria,clust3
68_bin.28,68,SAW,Proteobacteria,clust3
37_bin.11,37,STW,Proteobacteria,clust3
16_bin.12,16,SAW,Proteobacteria,clust3
67_bin.12,67,STW,Proteobacteria,clust3
37_bin.6,37,STW,Proteobacteria,clust3
3_bin.19,3,Deep,Proteobacteria,clust3
32_bin.11,32,STW,Proteobacteria,clust3
61_bin.21,61,Deep,Proteobacteria,clust3
29_bin.13,29,SAW,Proteobacteria,clust3
40_bin.21,40,SAW,Proteobacteria,clust3
61_bin.24,61,Deep,Proteobacteria,clust3
7_bin.10,7,STW,Proteobacteria,clust3
2_bin.18,2,SAW,Proteobacteria,clust3
80_bin.8,80,Deep,Proteobacteria,clust3
28_bin.14,28,SAW,Proteobacteria,clust3
28_bin.13,28,SAW,Proteobacteria,clust3
3_bin.16,3,Deep,Proteobacteria,clust3
36_bin.40,36,Neritic,Proteobacteria,clust3
20_bin.32,20,Deep,Proteobacteria,clust3
38_bin.44,38,Front,Proteobacteria,clust3
41_bin.64,41,SAW,Proteobacteria,clust3
61_bin.38,61,Deep,Proteobacteria,clust3
12_bin.6,12,Neritic,Proteobacteria,clust3
15_bin.20,15,Front,Verrucomicrobiota,clust3
30_bin.36,30,SAW,Proteobacteria,clust3
39_bin.34,39,SAW,Proteobacteria,clust3
27_bin.2,27,SAW,Proteobacteria,clust3
23_bin.63,23,Deep,Proteobacteria,clust3
14_bin.11,14,STW,Proteobacteria,clust3
80_bin.35,80,Deep,Proteobacteria,clust3
33_bin.26,33,SAW,Proteobacteria,clust3
48_bin.44,48,STW,Proteobacteria,clust3
12_bin.34,12,Neritic,Proteobacteria,clust3
38_bin.70,38,Front,Proteobacteria,clust3
53_bin.29,53,SAW,Proteobacteria,clust3
35_bin.32,35,Neritic,Proteobacteria,clust3
80_bin.20,80,Deep,Proteobacteria,clust3
35_bin.61,35,Neritic,Proteobacteria,clust3
38_bin.10,38,Front,Proteobacteria,clust3
79_bin.56,79,SAW,Proteobacteria,clust3
26_bin.32,26,Front,Proteobacteria,clust3
54_bin.36,54,SAW,Proteobacteria,clust3
38_bin.9,38,Front,Proteobacteria,clust3
24_bin.16,24,STW,Proteobacteria,clust3
42_bin.51,42,SAW,Proteobacteria,clust3
21_bin.22,21,STW,Proteobacteria,clust3
46_bin.6,46,SAW,Proteobacteria,clust3
7_bin.34,7,STW,Proteobacteria,clust3
27_bin.24,27,SAW,Proteobacteria,clust3
1_bin.40,1,STW,Proteobacteria,clust3
8_bin.9,8,SAW,Proteobacteria,clust3
1_bin.28,1,STW,Proteobacteria,clust3
78_bin.42,78,STW,Proteobacteria,clust3
2_bin.1,2,SAW,Proteobacteria,clust3
63_bin.1,63,SAW,Proteobacteria,clust3
24_bin.13,24,STW,Proteobacteria,clust3
27_bin.10,27,SAW,Proteobacteria,clust3
67_bin.37,67,STW,Proteobacteria,clust3
38_bin.15,38,Front,Proteobacteria,clust3
54_bin.3,54,SAW,Proteobacteria,clust3
41_bin.56,41,SAW,Proteobacteria,clust3
36_bin.34,36,Neritic,Proteobacteria,clust3
41_bin.86,41,SAW,Proteobacteria,clust3
9_bin.17,9,Deep,SAR324,clust3
43_bin.6,43,Deep,Proteobacteria,clust3
23_bin.47,23,Deep,Proteobacteria,clust3
40_bin.41,40,SAW,Proteobacteria,clust3
83_bin.14,83,Deep,Proteobacteria,clust3
52_bin.21,52,STW,Proteobacteria,clust3
65_bin.38,65,STW,Proteobacteria,clust3
32_bin.6,32,STW,Proteobacteria,clust3
36_bin.63,36,Neritic,Proteobacteria,clust3
6_bin.20,6,SAW,Proteobacteria,clust3
51_bin.52,51,Deep,Proteobacteria,clust3
80_bin.10,80,Deep,Proteobacteria,clust3
7_bin.35,7,STW,Proteobacteria,clust3
68_bin.16,68,SAW,Proteobacteria,clust3
20_bin.14,20,Deep,Proteobacteria,clust3
41_bin.102,41,SAW,Proteobacteria,clust3
36_bin.50,36,Neritic,Proteobacteria,clust3
47_bin.20,47,Deep,Proteobacteria,clust3
74_bin.2,74,SAW,Proteobacteria,clust3
63_bin.15,63,SAW,Proteobacteria,clust3
61_bin.34,61,Deep,Proteobacteria,clust3
53_bin.10,53,SAW,Proteobacteria,clust3
68_bin.13,68,SAW,Proteobacteria,clust3
46_bin.51,46,SAW,Proteobacteria,clust3
54_bin.14,54,SAW,Proteobacteria,clust3
78_bin.45,78,STW,Proteobacteria,clust3
29_bin.34,29,SAW,Proteobacteria,clust3
45_bin.9,45,Front,Proteobacteria,clust3
13_bin.15,13,STW,Proteobacteria,clust3
41_bin.100,41,SAW,Proteobacteria,clust3
64_bin.3,64,Deep,Proteobacteria,clust3
41_bin.69,41,SAW,Proteobacteria,clust3
26_bin.10,26,Front,Proteobacteria,clust3
71_bin.20,71,SAW,Proteobacteria,clust3
76_bin.30,76,STW,Proteobacteria,clust3
68_bin.22,68,SAW,Proteobacteria,clust3
43_bin.18,43,Deep,Proteobacteria,clust3
68_bin.29,68,SAW,Proteobacteria,clust3
72_bin.13,72,Deep,Verrucomicrobiota,clust3
72_bin.11,72,Deep,Proteobacteria,clust3
83_bin.41,83,Deep,Proteobacteria,clust3
25_bin.21,25,STW,Proteobacteria,clust3
61_bin.54,61,Deep,Proteobacteria,clust3
6_bin.3,6,SAW,Proteobacteria,clust3
37_bin.66,37,STW,Proteobacteria,clust3
61_bin.42,61,Deep,Proteobacteria,clust3
39_bin.37,39,SAW,Proteobacteria,clust3
36_bin.26,36,Neritic,Verrucomicrobiota,clust3
34_bin.15,34,Deep,Proteobacteria,clust3
9_bin.33,9,Deep,Verrucomicrobiota,clust3
51_bin.32,51,Deep,Verrucomicrobiota,clust3
65_bin.3,65,STW,Proteobacteria,clust3
23_bin.9,23,Deep,Proteobacteria,clust3
34_bin.10,34,Deep,Proteobacteria,clust3
51_bin.24,51,Deep,Proteobacteria,clust3
67_bin.7,67,STW,Proteobacteria,clust3
35_bin.71,35,Neritic,Verrucomicrobiota,clust3
82_bin.26,82,SAW,Proteobacteria,clust3
80_bin.46,80,Deep,Proteobacteria,clust3
61_bin.57,61,Deep,Proteobacteria,clust3
36_bin.5,36,Neritic,Proteobacteria,clust3
40_bin.58,40,SAW,Proteobacteria,clust3
54_bin.37,54,SAW,Proteobacteria,clust3
22_bin.8,22,SAW,Proteobacteria,clust3
43_bin.10,43,Deep,Verrucomicrobiota,clust3
47_bin.39,47,Deep,Proteobacteria,clust3
79_bin.28,79,SAW,Proteobacteria,clust3
76_bin.36,76,STW,Proteobacteria,clust3
9_bin.44,9,Deep,Proteobacteria,clust3
51_bin.23,51,Deep,Proteobacteria,clust3
43_bin.27,43,Deep,Proteobacteria,clust3
3_bin.18,3,Deep,Proteobacteria,clust3
21_bin.20,21,STW,Proteobacteria,clust3
37_bin.51,37,STW,Proteobacteria,clust3
69_bin.25,69,Deep,Proteobacteria,clust3
71_bin.8,71,SAW,Proteobacteria,clust3
54_bin.29,54,SAW,Proteobacteria,clust3
27_bin.13,27,SAW,Proteobacteria,clust3
36_bin.75,36,Neritic,Proteobacteria,clust3
26_bin.14,26,Front,Proteobacteria,clust3
37_bin.23,37,STW,Proteobacteria,clust3
23_bin.20,23,Deep,Proteobacteria,clust3
12_bin.37,12,Neritic,Proteobacteria,clust3
12_bin.16,12,Neritic,Proteobacteria,clust3
53_bin.14,53,SAW,Proteobacteria,clust3
82_bin.29,82,SAW,Proteobacteria,clust3
8_bin.7,8,SAW,Proteobacteria,clust3
29_bin.7,29,SAW,Proteobacteria,clust3
3_bin.6,3,Deep,Proteobacteria,clust3
44_bin.13,44,STW,Proteobacteria,clust3
47_bin.21,47,Deep,Proteobacteria,clust3
29_bin.18,29,SAW,Verrucomicrobiota,clust3
82_bin.10,82,SAW,Proteobacteria,clust3
28_bin.22,28,SAW,Proteobacteria,clust3
51_bin.53,51,Deep,Proteobacteria,clust3
36_bin.38,36,Neritic,Proteobacteria,clust3
41_bin.60,41,SAW,Proteobacteria,clust3
3_bin.26,3,Deep,Proteobacteria,clust3
6_bin.14,6,SAW,Proteobacteria,clust3
52_bin.35,52,STW,Proteobacteria,clust3
5_bin.15,5,SAW,Proteobacteria,clust3
20_bin.24,20,Deep,Proteobacteria,clust3
10_bin.12,10,STW,Proteobacteria,clust3
50_bin.20,50,SAW,Proteobacteria,clust3
52_bin.3,52,STW,Proteobacteria,clust3
42_bin.38,42,SAW,Proteobacteria,clust3
12_bin.45,12,Neritic,Proteobacteria,clust3
35_bin.7,35,Neritic,Proteobacteria,clust3
33_bin.23,33,SAW,Proteobacteria,clust3
46_bin.36,46,SAW,Proteobacteria,clust3
23_bin.45,23,Deep,Proteobacteria,clust3
83_bin.23,83,Deep,Proteobacteria,clust3
54_bin.31,54,SAW,Proteobacteria,clust3
23_bin.48,23,Deep,Proteobacteria,clust3
40_bin.24,40,SAW,Proteobacteria,clust3
35_bin.45,35,Neritic,Proteobacteria,clust3
23_bin.55,23,Deep,Proteobacteria,clust3
6_bin.9,6,SAW,Proteobacteria,clust3
9_bin.24,9,Deep,Verrucomicrobiota,clust3
46_bin.26,46,SAW,Proteobacteria,clust3
39_bin.17,39,SAW,Proteobacteria,clust3
23_bin.40,23,Deep,Proteobacteria,clust3
51_bin.15,51,Deep,Proteobacteria,clust3
35_bin.67,35,Neritic,Proteobacteria,clust3
44_bin.11,44,STW,Proteobacteria,clust3
34_bin.45,34,Deep,Proteobacteria,clust3
29_bin.27,29,SAW,Proteobacteria,clust3
26_bin.31,26,Front,Proteobacteria,clust3
24_bin.14,24,STW,Proteobacteria,clust3
69_bin.7,69,Deep,Proteobacteria,clust3
62_bin.5,62,STW,SAR324,clust3
52_bin.9,52,STW,Proteobacteria,clust3
42_bin.17,42,SAW,Proteobacteria,clust3
30_bin.4,30,SAW,Proteobacteria,clust3
3_bin.7,3,Deep,Proteobacteria,clust3
23_bin.41,23,Deep,Proteobacteria,clust3
61_bin.37,61,Deep,Proteobacteria,clust3
9_bin.37,9,Deep,Verrucomicrobiota,clust3
23_bin.62,23,Deep,Proteobacteria,clust3
64_bin.26,64,Deep,Proteobacteria,clust3
20_bin.31,20,Deep,Proteobacteria,clust3
38_bin.58,38,Front,Proteobacteria,clust3
32_bin.2,32,STW,Proteobacteria,clust3
34_bin.14,34,Deep,Proteobacteria,clust3
18_bin.1,18,SAW,Verrucomicrobiota,clust3
42_bin.50,42,SAW,Verrucomicrobiota,clust3
80_bin.16,80,Deep,Proteobacteria,clust3
69_bin.23,69,Deep,Verrucomicrobiota,clust3
12_bin.24,12,Neritic,Proteobacteria,clust3
3_bin.11,3,Deep,Verrucomicrobiota,clust3
26_bin.18,26,Front,Proteobacteria,clust3
47_bin.38,47,Deep,Proteobacteria,clust3
51_bin.8,51,Deep,Proteobacteria,clust3
65_bin.22,65,STW,Proteobacteria,clust3
13_bin.8,13,STW,Proteobacteria,clust3
9_bin.45,9,Deep,Proteobacteria,clust3
67_bin.11,67,STW,Proteobacteria,clust3
1_bin.17,1,STW,Proteobacteria,clust3
65_bin.32,65,STW,Proteobacteria,clust3
39_bin.27,39,SAW,Proteobacteria,clust3
12_bin.21,12,Neritic,Proteobacteria,clust3
41_bin.6,41,SAW,Proteobacteria,clust3
3_bin.17,3,Deep,Proteobacteria,clust3
76_bin.16,76,STW,Proteobacteria,clust3
43_bin.24,43,Deep,Proteobacteria,clust3
80_bin.5,80,Deep,Proteobacteria,clust3
39_bin.10,39,SAW,Proteobacteria,clust3
41_bin.85,41,SAW,Proteobacteria,clust3
35_bin.31,35,Neritic,Proteobacteria,clust3
65_bin.17,65,STW,Proteobacteria,clust3
69_bin.12,69,Deep,Verrucomicrobiota,clust3
23_bin.21,23,Deep,Proteobacteria,clust3
34_bin.52,34,Deep,Proteobacteria,clust3
74_bin.28,74,SAW,Proteobacteria,clust3
24_bin.42,24,STW,Proteobacteria,clust3
23_bin.25,23,Deep,SAR324,clust3
39_bin.4,39,SAW,Proteobacteria,clust3
80_bin.45,80,Deep,Proteobacteria,clust3
51_bin.22,51,Deep,Proteobacteria,clust3
47_bin.36,47,Deep,Proteobacteria,clust3
42_bin.32,42,SAW,Proteobacteria,clust3
78_bin.30,78,STW,Proteobacteria,clust3
36_bin.39,36,Neritic,Proteobacteria,clust3
12_bin.39,12,Neritic,Proteobacteria,clust3
42_bin.67,42,SAW,Proteobacteria,clust3
61_bin.58,61,Deep,Proteobacteria,clust3
78_bin.17,78,STW,Proteobacteria,clust3
61_bin.9,61,Deep,Proteobacteria,clust3
62_bin.19,62,STW,Proteobacteria,clust3
16_bin.24,16,SAW,Verrucomicrobiota,clust3
41_bin.62,41,SAW,Verrucomicrobiota,clust3
15_bin.13,15,Front,Proteobacteria,clust3
25_bin.30,25,STW,Proteobacteria,clust3
23_bin.16,23,Deep,Proteobacteria,clust3
41_bin.8,41,SAW,Proteobacteria,clust3
21_bin.18,21,STW,Proteobacteria,clust3
52_bin.39,52,STW,Proteobacteria,clust3
78_bin.20,78,STW,Verrucomicrobiota,clust3
37_bin.19,37,STW,Proteobacteria,clust3
5_bin.9,5,SAW,Proteobacteria,clust3
36_bin.86,36,Neritic,Verrucomicrobiota,clust3
3_bin.3,3,Deep,Proteobacteria,clust3
69_bin.14,69,Deep,Proteobacteria,clust3
39_bin.13,39,SAW,Verrucomicrobiota,clust3
43_bin.23,43,Deep,Proteobacteria,clust3
80_bin.27,80,Deep,Proteobacteria,clust3
35_bin.59,35,Neritic,Proteobacteria,clust3
37_bin.48,37,STW,Proteobacteria,clust3
36_bin.90,36,Neritic,Proteobacteria,clust3
20_bin.19,20,Deep,Proteobacteria,clust3
53_bin.13,53,SAW,Proteobacteria,clust3
8_bin.15,8,SAW,Verrucomicrobiota,clust3
83_bin.1,83,Deep,Proteobacteria,clust3
69_bin.27,69,Deep,Proteobacteria,clust3
33_bin.18,33,SAW,Proteobacteria,clust3
72_bin.2,72,Deep,Proteobacteria,clust3
38_bin.34,38,Front,Proteobacteria,clust3
13_bin.18,13,STW,Proteobacteria,clust3
19_bin.20,19,SAW,Verrucomicrobiota,clust3
41_bin.2,41,SAW,Proteobacteria,clust3
17_bin.14,17,SAW,Verrucomicrobiota,clust3
23_bin.30,23,Deep,Proteobacteria,clust3
80_bin.1,80,Deep,Proteobacteria,clust3
64_bin.19,64,Deep,Proteobacteria,clust3
82_bin.2,82,SAW,Proteobacteria,clust3
80_bin.15,80,Deep,Proteobacteria,clust3
21_bin.33,21,STW,Proteobacteria,clust3
77_bin.24,77,SAW,Proteobacteria,clust3
47_bin.41,47,Deep,Proteobacteria,clust3
47_bin.5,47,Deep,SAR324,clust3
7_bin.37,7,STW,Proteobacteria,clust3
71_bin.9,71,SAW,Proteobacteria,clust3
34_bin.25,34,Deep,SAR324,clust3
9_bin.21,9,Deep,Proteobacteria,clust3
80_bin.19,80,Deep,Proteobacteria,clust3
20_bin.26,20,Deep,Proteobacteria,clust3
8_bin.12,8,SAW,Proteobacteria,clust3
37_bin.31,37,STW,Proteobacteria,clust3
37_bin.14,37,STW,Proteobacteria,clust3
42_bin.59,42,SAW,Proteobacteria,clust3
83_bin.3,83,Deep,Proteobacteria,clust3
79_bin.12,79,SAW,Verrucomicrobiota,clust3
51_bin.42,51,Deep,Proteobacteria,clust3
38_bin.60,38,Front,Proteobacteria,clust3
35_bin.25,35,Neritic,Proteobacteria,clust3
83_bin.27,83,Deep,Proteobacteria,clust3
61_bin.20,61,Deep,Proteobacteria,clust3
54_bin.1,54,SAW,Proteobacteria,clust3
34_bin.38,34,Deep,Proteobacteria,clust3
7_bin.33,7,STW,Proteobacteria,clust3
21_bin.17,21,STW,Proteobacteria,clust3
42_bin.33,42,SAW,Proteobacteria,clust3
36_bin.22,36,Neritic,Proteobacteria,clust3
5_bin.10,5,SAW,Proteobacteria,clust3
36_bin.55,36,Neritic,Proteobacteria,clust3
34_bin.24,34,Deep,Proteobacteria,clust3
23_bin.60,23,Deep,Proteobacteria,clust3
40_bin.28,40,SAW,Proteobacteria,clust3
51_bin.18,51,Deep,Proteobacteria,clust3
38_bin.28,38,Front,Verrucomicrobiota,clust3
35_bin.29,35,Neritic,Proteobacteria,clust3
8_bin.24,8,SAW,Proteobacteria,clust3
36_bin.83,36,Neritic,Proteobacteria,clust3
15_bin.8,15,Front,Proteobacteria,clust3
61_bin.32,61,Deep,SAR324,clust3
83_bin.15,83,Deep,Proteobacteria,clust3
37_bin.35,37,STW,Proteobacteria,clust3
80_bin.31,80,Deep,SAR324,clust3
26_bin.17,26,Front,Verrucomicrobiota,clust3
48_bin.34,48,STW,Proteobacteria,clust3
68_bin.10,68,SAW,Verrucomicrobiota,clust3
83_bin.39,83,Deep,Verrucomicrobiota,clust3
41_bin.17,41,SAW,Proteobacteria,clust3
61_bin.40,61,Deep,Verrucomicrobiota,clust3
58_bin.29,58,SAW,Proteobacteria,clust3
77_bin.34,77,SAW,Proteobacteria,clust3
35_bin.23,35,Neritic,Proteobacteria,clust3
34_bin.20,34,Deep,Proteobacteria,clust3
34_bin.39,34,Deep,Proteobacteria,clust3
41_bin.27,41,SAW,Verrucomicrobiota,clust3
39_bin.12,39,SAW,Proteobacteria,clust3
1_bin.12,1,STW,Proteobacteria,clust3
12_bin.23,12,Neritic,Proteobacteria,clust3
52_bin.37,52,STW,Proteobacteria,clust3
36_bin.41,36,Neritic,Proteobacteria,clust3
48_bin.37,48,STW,Proteobacteria,clust3
37_bin.71,37,STW,Proteobacteria,clust3
79_bin.37,79,SAW,Proteobacteria,clust3
20_bin.20,20,Deep,Verrucomicrobiota,clust3
23_bin.15,23,Deep,Verrucomicrobiota,clust3
61_bin.29,61,Deep,Proteobacteria,clust3
24_bin.18,24,STW,Verrucomicrobiota,clust3
21_bin.6,21,STW,Proteobacteria,clust3
61_bin.33,61,Deep,Proteobacteria,clust3
79_bin.30,79,SAW,Proteobacteria,clust3
47_bin.37,47,Deep,Proteobacteria,clust3
23_bin.29,23,Deep,Proteobacteria,clust3
33_bin.32,33,SAW,Proteobacteria,clust3
80_bin.42,80,Deep,Verrucomicrobiota,clust3
20_bin.23,20,Deep,Proteobacteria,clust3
74_bin.17,74,SAW,Proteobacteria,clust3
41_bin.76,41,SAW,Proteobacteria,clust3
34_bin.4,34,Deep,Proteobacteria,clust3
76_bin.19,76,STW,Verrucomicrobiota,clust3
37_bin.41,37,STW,Proteobacteria,clust3
69_bin.16,69,Deep,Proteobacteria,clust3
23_bin.24,23,Deep,Proteobacteria,clust3
80_bin.44,80,Deep,Proteobacteria,clust3
3_bin.12,3,Deep,Proteobacteria,clust3
9_bin.18,9,Deep,Proteobacteria,clust3
35_bin.55,35,Neritic,Proteobacteria,clust3
34_bin.11,34,Deep,Proteobacteria,clust3
64_bin.1,64,Deep,Verrucomicrobiota,clust3
32_bin.9,32,STW,Proteobacteria,clust3
83_bin.25,83,Deep,Proteobacteria,clust3
64_bin.33,64,Deep,Proteobacteria,clust3
51_bin.7,51,Deep,Proteobacteria,clust3
82_bin.14,82,SAW,Verrucomicrobiota,clust3
6_bin.23,6,SAW,Proteobacteria,clust3
30_bin.1,30,SAW,Proteobacteria,clust3
50_bin.23,50,SAW,Proteobacteria,clust3
3_bin.1,3,Deep,Proteobacteria,clust3
1_bin.4,1,STW,Proteobacteria,clust3
46_bin.4,46,SAW,Proteobacteria,clust3
64_bin.6,64,Deep,Verrucomicrobiota,clust3
47_bin.13,47,Deep,Verrucomicrobiota,clust3
28_bin.12,28,SAW,Verrucomicrobiota,clust3
5_bin.21,5,SAW,SAR324,clust3
10_bin.18,10,STW,Proteobacteria,clust3
43_bin.37,43,Deep,Proteobacteria,clust3
8_bin.23,8,SAW,Proteobacteria,clust3
41_bin.3,41,SAW,Proteobacteria,clust3
6_bin.31,6,SAW,Proteobacteria,clust3
36_bin.69,36,Neritic,Proteobacteria,clust3
51_bin.19,51,Deep,Verrucomicrobiota,clust3
41_bin.52,41,SAW,Proteobacteria,clust3
41_bin.39,41,SAW,Verrucomicrobiota,clust3
50_bin.9,50,SAW,Proteobacteria,clust3
43_bin.8,43,Deep,Proteobacteria,clust3
37_bin.70,37,STW,Proteobacteria,clust3
23_bin.61,23,Deep,Proteobacteria,clust3
61_bin.27,61,Deep,Proteobacteria,clust3
34_bin.16,34,Deep,Verrucomicrobiota,clust3
40_bin.33,40,SAW,Proteobacteria,clust3
39_bin.43,39,SAW,Proteobacteria,clust3
42_bin.27,42,SAW,Proteobacteria,clust3
33_bin.29,33,SAW,Verrucomicrobiota,clust3
77_bin.48,77,SAW,Proteobacteria,clust3
43_bin.33,43,Deep,Proteobacteria,clust3
52_bin.46,52,STW,Verrucomicrobiota,clust3
1_bin.8,1,STW,Proteobacteria,clust3
70_bin.3,70,STW,Proteobacteria,clust3
37_bin.33,37,STW,Proteobacteria,clust3
39_bin.33,39,SAW,Verrucomicrobiota,clust3
41_bin.58,41,SAW,Proteobacteria,clust3
18_bin.18,18,SAW,Verrucomicrobiota,clust3
40_bin.49,40,SAW,Proteobacteria,clust3
36_bin.46,36,Neritic,Verrucomicrobiota,clust3
8_bin.36,8,SAW,Proteobacteria,clust3
77_bin.19,77,SAW,Proteobacteria,clust3
79_bin.3,79,SAW,Proteobacteria,clust3
39_bin.36,39,SAW,Proteobacteria,clust3
70_bin.32,70,STW,Verrucomicrobiota,clust3
36_bin.35,36,Neritic,Verrucomicrobiota,clust3
17_bin.30,17,SAW,Proteobacteria,clust3
48_bin.55,48,STW,Proteobacteria,clust3
68_bin.34,68,SAW,Proteobacteria,clust3
26_bin.3,26,Front,Proteobacteria,clust3
19_bin.25,19,SAW,Verrucomicrobiota,clust3
38_bin.68,38,Front,Verrucomicrobiota,clust3
8_bin.33,8,SAW,Proteobacteria,clust3
42_bin.39,42,SAW,Proteobacteria,clust3
56_bin.33,56,STW,Verrucomicrobiota,clust3
51_bin.1,51,Deep,SAR324,clust3
70_bin.8,70,STW,Proteobacteria,clust3
74_bin.4,74,SAW,Proteobacteria,clust3
23_bin.33,23,Deep,Verrucomicrobiota,clust3
54_bin.38,54,SAW,Verrucomicrobiota,clust3
9_bin.42,9,Deep,SAR324,clust3
20_bin.2,20,Deep,SAR324,clust3
30_bin.5,30,SAW,SAR324,clust3
12_bin.40,12,Neritic,Proteobacteria,clust3
67_bin.36,67,STW,Verrucomicrobiota,clust3
35_bin.3,35,Neritic,Proteobacteria,clust3
34_bin.46,34,Deep,Proteobacteria,clust3
47_bin.40,47,Deep,Verrucomicrobiota,clust3
10_bin.30,10,STW,Verrucomicrobiota,clust3
37_bin.47,37,STW,Verrucomicrobiota,clust3
50_bin.24,50,SAW,Verrucomicrobiota,clust3
23_bin.5,23,Deep,Proteobacteria,clust3
28_bin.1,28,SAW,Proteobacteria,clust3
11_bin.7,11,SAW,SAR324,clust3
27_bin.16,27,SAW,Proteobacteria,clust3
22_bin.18,22,SAW,Proteobacteria,clust3
43_bin.31,43,Deep,SAR324,clust3
61_bin.10,61,Deep,Verrucomicrobiota,clust3
11_bin.6,11,SAW,Verrucomicrobiota,clust3
51_bin.47,51,Deep,Verrucomicrobiota,clust3
12_bin.14,12,Neritic,Verrucomicrobiota,clust3
2_bin.53,2,SAW,Verrucomicrobiota,clust3
67_bin.15,67,STW,Verrucomicrobiota,clust3
36_bin.79,36,Neritic,Proteobacteria,clust3
42_bin.26,42,SAW,Verrucomicrobiota,clust3
40_bin.42,40,SAW,Verrucomicrobiota,clust3
37_bin.42,37,STW,Proteobacteria,clust3
38_bin.4,38,Front,Proteobacteria,clust3
35_bin.10,35,Neritic,Verrucomicrobiota,clust3
38_bin.48,38,Front,Proteobacteria,clust3
74_bin.3,74,SAW,Verrucomicrobiota,clust3
82_bin.32,82,SAW,Verrucomicrobiota,clust3
83_bin.26,83,Deep,SAR324,clust3
41_bin.35,41,SAW,Proteobacteria,clust3
76_bin.32,76,STW,Proteobacteria,clust3
43_bin.36,43,Deep,Verrucomicrobiota,clust3
3_bin.5,3,Deep,Verrucomicrobiota,clust3
37_bin.24,37,STW,Verrucomicrobiota,clust3
8_bin.29,8,SAW,Verrucomicrobiota,clust3
67_bin.18,67,STW,Verrucomicrobiota,clust3
46_bin.2,46,SAW,Verrucomicrobiota,clust3
6_bin.25,6,SAW,Proteobacteria,clust3
23_bin.35,23,Deep,Verrucomicrobiota,clust3
74_bin.10,74,SAW,Verrucomicrobiota,clust3
46_bin.47,46,SAW,Verrucomicrobiota,clust3
54_bin.39,54,SAW,Proteobacteria,clust3
41_bin.21,41,SAW,Verrucomicrobiota,clust3
76_bin.34,76,STW,Proteobacteria,clust3
79_bin.49,79,SAW,Verrucomicrobiota,clust3
42_bin.55,42,SAW,Verrucomicrobiota,clust3
39_bin.6,39,SAW,Verrucomicrobiota,clust3
23_bin.50,23,Deep,Verrucomicrobiota,clust3
40_bin.18,40,SAW,Proteobacteria,clust3
40_bin.13,40,SAW,Verrucomicrobiota,clust3
51_bin.30,51,Deep,Verrucomicrobiota,clust3
42_bin.65,42,SAW,Verrucomicrobiota,clust3
77_bin.49,77,SAW,Proteobacteria,clust3
47_bin.30,47,Deep,Proteobacteria,clust3
33_bin.2,33,SAW,Proteobacteria,clust3
80_bin.23,80,Deep,Verrucomicrobiota,clust3
67_bin.26,67,STW,Proteobacteria,clust3
36_bin.11,36,Neritic,Verrucomicrobiota,clust3
50_bin.14,50,SAW,Proteobacteria,clust3
43_bin.42,43,Deep,Proteobacteria,clust3
71_bin.2,71,SAW,Verrucomicrobiota,clust3
64_bin.14,64,Deep,SAR324,clust3
74_bin.29,74,SAW,Proteobacteria,clust3
28_bin.19,28,SAW,Proteobacteria,clust3
2_bin.51,2,SAW,Verrucomicrobiota,clust3
37_bin.44,37,STW,Proteobacteria,clust3
35_bin.60,35,Neritic,Proteobacteria,clust3
71_bin.18,71,SAW,Proteobacteria,clust3
34_bin.36,34,Deep,Proteobacteria,clust3
51_bin.55,51,Deep,Verrucomicrobiota,clust3
57_bin.18,57,Front,Proteobacteria,clust3
77_bin.11,77,SAW,Verrucomicrobiota,clust3
83_bin.30,83,Deep,Verrucomicrobiota,clust3
77_bin.12,77,SAW,Verrucomicrobiota,clust3
36_bin.87,36,Neritic,Proteobacteria,clust3
68_bin.11,68,SAW,Proteobacteria,clust3
36_bin.17,36,Neritic,Proteobacteria,clust3
12_bin.11,12,Neritic,Proteobacteria,clust3
35_bin.30,35,Neritic,Proteobacteria,clust3
80_bin.7,80,Deep,Proteobacteria,clust3
42_bin.57,42,SAW,Proteobacteria,clust3
74_bin.5,74,SAW,Verrucomicrobiota,clust3
29_bin.30,29,SAW,Proteobacteria,clust3
40_bin.38,40,SAW,Verrucomicrobiota,clust3
30_bin.10,30,SAW,Proteobacteria,clust3
42_bin.53,42,SAW,Proteobacteria,clust3
40_bin.34,40,SAW,Proteobacteria,clust3
19_bin.29,19,SAW,SAR324,clust3
23_bin.3,23,Deep,Proteobacteria,clust3
36_bin.84,36,Neritic,Proteobacteria,clust3
25_bin.20,25,STW,Proteobacteria,clust3
11_bin.34,11,SAW,Verrucomicrobiota,clust3
30_bin.13,30,SAW,Proteobacteria,clust3
6_bin.27,6,SAW,Proteobacteria,clust3
50_bin.5,50,SAW,Proteobacteria,clust3
42_bin.47,42,SAW,Verrucomicrobiota,clust3
46_bin.30,46,SAW,Proteobacteria,clust3
18_bin.22,18,SAW,Proteobacteria,clust3
52_bin.27,52,STW,Proteobacteria,clust3
29_bin.23,29,SAW,Proteobacteria,clust3
48_bin.41,48,STW,Verrucomicrobiota,clust3
51_bin.64,51,Deep,Proteobacteria,clust3
68_bin.24,68,SAW,Proteobacteria,clust3
42_bin.10,42,SAW,Verrucomicrobiota,clust3
61_bin.53,61,Deep,Proteobacteria,clust3
69_bin.9,69,Deep,SAR324,clust3
8_bin.18,8,SAW,SAR324,clust3
16_bin.11,16,SAW,SAR324,clust3
26_bin.19,26,Front,Proteobacteria,clust3
27_bin.28,27,SAW,Proteobacteria,clust3
79_bin.23,79,SAW,Proteobacteria,clust3
33_bin.4,33,SAW,Verrucomicrobiota,clust3
25_bin.16,25,STW,Proteobacteria,clust3
41_bin.74,41,SAW,Verrucomicrobiota,clust3
72_bin.8,72,Deep,SAR324,clust3
27_bin.1,27,SAW,Proteobacteria,clust3
7_bin.36,7,STW,Verrucomicrobiota,clust3
6_bin.4,6,SAW,Verrucomicrobiota,clust3
26_bin.12,26,Front,Proteobacteria,clust3
27_bin.25,27,SAW,Proteobacteria,clust3
7_bin.21,7,STW,Verrucomicrobiota,clust3
67_bin.3,67,STW,Proteobacteria,clust3
24_bin.51,24,STW,Verrucomicrobiota,clust3
23_bin.52,23,Deep,Verrucomicrobiota,clust3
34_bin.27,34,Deep,Verrucomicrobiota,clust3
83_bin.32,83,Deep,Verrucomicrobiota,clust3
53_bin.31,53,SAW,Verrucomicrobiota,clust3
41_bin.18,41,SAW,Verrucomicrobiota,clust3
26_bin.15,26,Front,Proteobacteria,clust3
41_bin.57,41,SAW,Verrucomicrobiota,clust3
70_bin.31,70,STW,Proteobacteria,clust3
40_bin.15,40,SAW,Verrucomicrobiota,clust3
71_bin.14,71,SAW,Proteobacteria,clust3
39_bin.5,39,SAW,Verrucomicrobiota,clust3
25_bin.11,25,STW,Proteobacteria,clust3
20_bin.42,20,Deep,Proteobacteria,clust3
43_bin.5,43,Deep,Proteobacteria,clust3
17_bin.28,17,SAW,SAR324,clust3
43_bin.45,43,Deep,Verrucomicrobiota,clust3
41_bin.53,41,SAW,Proteobacteria,clust3
39_bin.15,39,SAW,SAR324,clust3
66_bin.13,66,SAW,Verrucomicrobiota,clust3
67_bin.2,67,STW,Proteobacteria,clust3
42_bin.34,42,SAW,SAR324,clust3
50_bin.15,50,SAW,SAR324,clust3
80_bin.36,80,Deep,Verrucomicrobiota,clust3
42_bin.44,42,SAW,Proteobacteria,clust3
47_bin.9,47,Deep,Verrucomicrobiota,clust3
69_bin.13,69,Deep,Verrucomicrobiota,clust3
8_bin.30,8,SAW,Verrucomicrobiota,clust3
68_bin.33,68,SAW,Proteobacteria,clust3
36_bin.7,36,Neritic,SAR324,clust3
38_bin.45,38,Front,Verrucomicrobiota,clust3
67_bin.29,67,STW,Proteobacteria,clust3
38_bin.32,38,Front,Verrucomicrobiota,clust3
33_bin.15,33,SAW,Proteobacteria,clust3
67_bin.17,67,STW,SAR324,clust3
61_bin.43,61,Deep,Verrucomicrobiota,clust3
35_bin.62,35,Neritic,SAR324,clust3
24_bin.31,24,STW,SAR324,clust3
71_bin.6,71,SAW,SAR324,clust3
79_bin.16,79,SAW,Verrucomicrobiota,clust3
37_bin.39,37,STW,SAR324,clust3
6_bin.17,6,SAW,Proteobacteria,clust3
79_bin.27,79,SAW,SAR324,clust3
28_bin.16,28,SAW,SAR324,clust3
40_bin.3,40,SAW,Verrucomicrobiota,clust3
52_bin.38,52,STW,Verrucomicrobiota,clust3
12_bin.5,12,Neritic,SAR324,clust3
52_bin.43,52,STW,SAR324,clust3
34_bin.19,34,Deep,Proteobacteria,clust3
15_bin.1,15,Front,SAR324,clust3
51_bin.5,51,Deep,Proteobacteria,clust3
29_bin.38,29,SAW,Proteobacteria,clust3
79_bin.47,79,SAW,Verrucomicrobiota,clust3
54_bin.12,54,SAW,SAR324,clust3
25_bin.25,25,STW,Proteobacteria,clust3
36_bin.18,36,Neritic,Verrucomicrobiota,clust3
41_bin.26,41,SAW,Verrucomicrobiota,clust3
21_bin.14,21,STW,Verrucomicrobiota,clust3
69_bin.2,69,Deep,Proteobacteria,clust3
41_bin.10,41,SAW,SAR324,clust3
41_bin.84,41,SAW,Proteobacteria,clust3
52_bin.56,52,STW,Verrucomicrobiota,clust3
56_bin.5,56,STW,Verrucomicrobiota,clust3
20_bin.27,20,Deep,Verrucomicrobiota,clust3
12_bin.18,12,Neritic,Verrucomicrobiota,clust3
36_bin.15,36,Neritic,Verrucomicrobiota,clust3
6_bin.15,6,SAW,Verrucomicrobiota,clust3
46_bin.29,46,SAW,Proteobacteria,clust3
21_bin.2,21,STW,SAR324,clust3
23_bin.36,23,Deep,Proteobacteria,clust3
12_bin.15,12,Neritic,Proteobacteria,clust3
38_bin.42,38,Front,SAR324,clust3
21_bin.8,21,STW,Verrucomicrobiota,clust3
52_bin.49,52,STW,Verrucomicrobiota,clust3
41_bin.43,41,SAW,Verrucomicrobiota,clust3
70_bin.6,70,STW,Verrucomicrobiota,clust3
39_bin.44,39,SAW,Verrucomicrobiota,clust3
21_bin.26,21,STW,Verrucomicrobiota,clust3
77_bin.1,77,SAW,Verrucomicrobiota,clust3
58_bin.32,58,SAW,SAR324,clust3
47_bin.4,47,Deep,Proteobacteria,clust3
37_bin.30,37,STW,Verrucomicrobiota,clust3
61_bin.50,61,Deep,Proteobacteria,clust3
24_bin.54,24,STW,Verrucomicrobiota,clust3
74_bin.14,74,SAW,SAR324,clust3
79_bin.40,79,SAW,Verrucomicrobiota,clust3
39_bin.2,39,SAW,Verrucomicrobiota,clust3
35_bin.38,35,Neritic,Verrucomicrobiota,clust3
33_bin.28,33,SAW,Verrucomicrobiota,clust3
42_bin.43,42,SAW,Verrucomicrobiota,clust3
77_bin.16,77,SAW,Verrucomicrobiota,clust3
10_bin.16,10,STW,Verrucomicrobiota,clust3
42_bin.20,42,SAW,Verrucomicrobiota,clust3
54_bin.35,54,SAW,Proteobacteria,clust3
57_bin.11,57,Front,Proteobacteria,clust3
50_bin.11,50,SAW,Verrucomicrobiota,clust3
80_bin.25,80,Deep,Proteobacteria,clust3
9_bin.9,9,Deep,Proteobacteria,clust3
42_bin.62,42,SAW,Proteobacteria,clust3
54_bin.8,54,SAW,Verrucomicrobiota,clust3
48_bin.1,48,STW,Verrucomicrobiota,clust3
40_bin.2,40,SAW,Proteobacteria,clust3
70_bin.18,70,STW,Verrucomicrobiota,clust3
36_bin.66,36,Neritic,Verrucomicrobiota,clust3
74_bin.11,74,SAW,Proteobacteria,clust3
19_bin.12,19,SAW,Proteobacteria,clust3
42_bin.66,42,SAW,Verrucomicrobiota,clust3
2_bin.4,2,SAW,Proteobacteria,clust3
38_bin.33,38,Front,Verrucomicrobiota,clust3
5_bin.20,5,SAW,Proteobacteria,clust3
24_bin.53,24,STW,Verrucomicrobiota,clust3
40_bin.54,40,SAW,Verrucomicrobiota,clust3
50_bin.27,50,SAW,Proteobacteria,clust3
6_bin.10,6,SAW,Verrucomicrobiota,clust3
52_bin.60,52,STW,Verrucomicrobiota,clust3
58_bin.3,58,SAW,Proteobacteria,clust3
56_bin.16,56,STW,Verrucomicrobiota,clust3
18_bin.25,18,SAW,Proteobacteria,clust3
79_bin.53,79,SAW,Proteobacteria,clust3
7_bin.11,7,STW,Verrucomicrobiota,clust3
2_bin.23,2,SAW,Proteobacteria,clust3
40_bin.4,40,SAW,Verrucomicrobiota,clust3
25_bin.10,25,STW,Proteobacteria,clust3
11_bin.11,11,SAW,Proteobacteria,clust3
11_bin.10,11,SAW,Verrucomicrobiota,clust3
63_bin.9,63,SAW,Proteobacteria,clust3
35_bin.39,35,Neritic,Verrucomicrobiota,clust3
83_bin.10,83,Deep,Proteobacteria,clust3
35_bin.9,35,Neritic,Verrucomicrobiota,clust3
82_bin.7,82,SAW,Proteobacteria,clust3
79_bin.17,79,SAW,Proteobacteria,clust3
11_bin.15,11,SAW,Verrucomicrobiota,clust3
41_bin.89,41,SAW,Proteobacteria,clust3
40_bin.40,40,SAW,Proteobacteria,clust3
15_bin.11,15,Front,Proteobacteria,clust3
37_bin.9,37,STW,Verrucomicrobiota,clust3
56_bin.18,56,STW,Verrucomicrobiota,clust3
6_bin.34,6,SAW,Proteobacteria,clust3
82_bin.11,82,SAW,Proteobacteria,clust3
8_bin.22,8,SAW,Verrucomicrobiota,clust3
18_bin.27,18,SAW,Proteobacteria,clust3
36_bin.59,36,Neritic,Verrucomicrobiota,clust3
29_bin.31,29,SAW,Verrucomicrobiota,clust3
68_bin.19,68,SAW,Verrucomicrobiota,clust3
16_bin.18,16,SAW,Proteobacteria,clust3
30_bin.3,30,SAW,Verrucomicrobiota,clust3
21_bin.7,21,STW,Verrucomicrobiota,clust3
10_bin.25,10,STW,Verrucomicrobiota,clust3
54_bin.17,54,SAW,Proteobacteria,clust3
24_bin.47,24,STW,Verrucomicrobiota,clust3
40_bin.37,40,SAW,Verrucomicrobiota,clust3
66_bin.10,66,SAW,Proteobacteria,clust3
37_bin.43,37,STW,Verrucomicrobiota,clust3
71_bin.4,71,SAW,Proteobacteria,clust3
5_bin.13,5,SAW,Proteobacteria,clust3
54_bin.26,54,SAW,Verrucomicrobiota,clust3
2_bin.13,2,SAW,SAR324,clust3
22_bin.37,22,SAW,Proteobacteria,clust3
40_bin.25,40,SAW,Verrucomicrobiota,clust3
33_bin.24,33,SAW,Verrucomicrobiota,clust3
77_bin.15,77,SAW,Proteobacteria,clust3
42_bin.60,42,SAW,Proteobacteria,clust3
77_bin.37,77,SAW,Verrucomicrobiota,clust3
66_bin.12,66,SAW,Proteobacteria,clust3
56_bin.30,56,STW,Proteobacteria,clust3
64_bin.12,64,Deep,Proteobacteria,clust3
35_bin.33,35,Neritic,Verrucomicrobiota,clust3
74_bin.1,74,SAW,Verrucomicrobiota,clust3
27_bin.3,27,SAW,Proteobacteria,clust3
70_bin.27,70,STW,Proteobacteria,clust3
16_bin.5,16,SAW,Proteobacteria,clust3
9_bin.23,9,Deep,Proteobacteria,clust3
21_bin.19,21,STW,Proteobacteria,clust3
41_bin.61,41,SAW,Proteobacteria,clust3
39_bin.22,39,SAW,Proteobacteria,clust3
23_bin.38,23,Deep,Proteobacteria,clust3
10_bin.20,10,STW,Proteobacteria,clust3
9_bin.46,9,Deep,Proteobacteria,clust3
39_bin.3,39,SAW,Verrucomicrobiota,clust3
54_bin.32,54,SAW,Proteobacteria,clust3
40_bin.6,40,SAW,Proteobacteria,clust3
56_bin.20,56,STW,Proteobacteria,clust3
9_bin.36,9,Deep,Verrucomicrobiota,clust3
9_bin.11,9,Deep,Proteobacteria,clust3
46_bin.25,46,SAW,Proteobacteria,clust3
7_bin.25,7,STW,Proteobacteria,clust3
77_bin.31,77,SAW,Proteobacteria,clust3