Bin,Sample,Year,Watermass
1_bin.12,1,2014,STW
1_bin.15,1,2014,STW
1_bin.17,1,2014,STW
1_bin.18,1,2014,STW
1_bin.22,1,2014,STW
1_bin.23,1,2014,STW
1_bin.28,1,2014,STW
1_bin.33,1,2014,STW
1_bin.4,1,2014,STW
1_bin.40,1,2014,STW
1_bin.5,1,2014,STW
1_bin.8,1,2014,STW
1_bin.9,1,2014,STW
2_bin.1,2,2014,SAW
2_bin.13,2,2014,SAW
2_bin.18,2,2014,SAW
2_bin.23,2,2014,SAW
2_bin.33,2,2014,SAW
2_bin.4,2,2014,SAW
2_bin.51,2,2014,SAW
2_bin.53,2,2014,SAW
2_bin.54,2,2014,SAW
3_bin.1,3,2014,Deep
3_bin.11,3,2014,Deep
3_bin.12,3,2014,Deep
3_bin.14,3,2014,Deep
3_bin.16,3,2014,Deep
3_bin.17,3,2014,Deep
3_bin.18,3,2014,Deep
3_bin.19,3,2014,Deep
3_bin.25,3,2014,Deep
3_bin.26,3,2014,Deep
3_bin.27,3,2014,Deep
3_bin.3,3,2014,Deep
3_bin.5,3,2014,Deep
3_bin.6,3,2014,Deep
3_bin.7,3,2014,Deep
4_bin.2,4,2014,STW
4_bin.8,4,2014,STW
5_bin.10,5,2014,SAW
5_bin.13,5,2014,SAW
5_bin.15,5,2014,SAW
5_bin.19,5,2014,SAW
5_bin.20,5,2014,SAW
5_bin.21,5,2014,SAW
5_bin.25,5,2014,SAW
5_bin.28,5,2014,SAW
5_bin.4,5,2014,SAW
5_bin.9,5,2014,SAW
6_bin.10,6,2014,SAW
6_bin.14,6,2014,SAW
6_bin.15,6,2014,SAW
6_bin.17,6,2014,SAW
6_bin.20,6,2014,SAW
6_bin.23,6,2014,SAW
6_bin.25,6,2014,SAW
6_bin.27,6,2014,SAW
6_bin.3,6,2014,SAW
6_bin.31,6,2014,SAW
6_bin.34,6,2014,SAW
6_bin.4,6,2014,SAW
6_bin.9,6,2014,SAW
7_bin.10,7,2015,STW
7_bin.11,7,2015,STW
7_bin.21,7,2015,STW
7_bin.22,7,2015,STW
7_bin.25,7,2015,STW
7_bin.33,7,2015,STW
7_bin.34,7,2015,STW
7_bin.35,7,2015,STW
7_bin.36,7,2015,STW
7_bin.37,7,2015,STW
8_bin.1,8,2015,SAW
8_bin.12,8,2015,SAW
8_bin.15,8,2015,SAW
8_bin.18,8,2015,SAW
8_bin.2,8,2015,SAW
8_bin.22,8,2015,SAW
8_bin.23,8,2015,SAW
8_bin.24,8,2015,SAW
8_bin.29,8,2015,SAW
8_bin.30,8,2015,SAW
8_bin.33,8,2015,SAW
8_bin.34,8,2015,SAW
8_bin.36,8,2015,SAW
8_bin.7,8,2015,SAW
8_bin.9,8,2015,SAW
10_bin.1,10,2015,STW
10_bin.12,10,2015,STW
10_bin.16,10,2015,STW
10_bin.18,10,2015,STW
10_bin.20,10,2015,STW
10_bin.25,10,2015,STW
10_bin.29,10,2015,STW
10_bin.30,10,2015,STW
10_bin.34,10,2015,STW
11_bin.10,11,2015,SAW
11_bin.11,11,2015,SAW
11_bin.15,11,2015,SAW
11_bin.20,11,2015,SAW
11_bin.34,11,2015,SAW
11_bin.6,11,2015,SAW
11_bin.7,11,2015,SAW
12_bin.11,12,2015,Neritic
12_bin.14,12,2015,Neritic
12_bin.15,12,2015,Neritic
12_bin.16,12,2015,Neritic
12_bin.18,12,2015,Neritic
12_bin.21,12,2015,Neritic
12_bin.23,12,2015,Neritic
12_bin.24,12,2015,Neritic
12_bin.33,12,2015,Neritic
12_bin.34,12,2015,Neritic
12_bin.37,12,2015,Neritic
12_bin.39,12,2015,Neritic
12_bin.40,12,2015,Neritic
12_bin.45,12,2015,Neritic
12_bin.5,12,2015,Neritic
12_bin.6,12,2015,Neritic
12_bin.7,12,2015,Neritic
12_bin.9,12,2015,Neritic
13_bin.12,13,2015,STW
13_bin.15,13,2015,STW
13_bin.18,13,2015,STW
13_bin.19,13,2015,STW
13_bin.5,13,2015,STW
13_bin.8,13,2015,STW
14_bin.11,14,2015,STW
14_bin.2,14,2015,STW
14_bin.8,14,2015,STW
15_bin.1,15,2015,Front
15_bin.11,15,2015,Front
15_bin.13,15,2015,Front
15_bin.20,15,2015,Front
15_bin.8,15,2015,Front
15_bin.9,15,2015,Front
16_bin.11,16,2015,SAW
16_bin.12,16,2015,SAW
16_bin.14,16,2015,SAW
16_bin.18,16,2015,SAW
16_bin.24,16,2015,SAW
16_bin.5,16,2015,SAW
17_bin.14,17,2015,SAW
17_bin.17,17,2015,SAW
17_bin.28,17,2015,SAW
17_bin.30,17,2015,SAW
17_bin.31,17,2015,SAW
18_bin.1,18,2015,SAW
18_bin.18,18,2015,SAW
18_bin.2,18,2015,SAW
18_bin.22,18,2015,SAW
18_bin.25,18,2015,SAW
18_bin.27,18,2015,SAW
19_bin.12,19,2015,SAW
19_bin.18,19,2015,SAW
19_bin.20,19,2015,SAW
19_bin.25,19,2015,SAW
19_bin.29,19,2015,SAW
20_bin.14,20,2015,Deep
20_bin.19,20,2015,Deep
20_bin.2,20,2015,Deep
20_bin.20,20,2015,Deep
20_bin.21,20,2015,Deep
20_bin.23,20,2015,Deep
20_bin.24,20,2015,Deep
20_bin.26,20,2015,Deep
20_bin.27,20,2015,Deep
20_bin.30,20,2015,Deep
20_bin.31,20,2015,Deep
20_bin.32,20,2015,Deep
20_bin.38,20,2015,Deep
20_bin.41,20,2015,Deep
20_bin.42,20,2015,Deep
20_bin.44,20,2015,Deep
21_bin.14,21,2015,STW
21_bin.17,21,2015,STW
21_bin.18,21,2015,STW
21_bin.19,21,2015,STW
21_bin.2,21,2015,STW
21_bin.20,21,2015,STW
21_bin.22,21,2015,STW
21_bin.26,21,2015,STW
21_bin.33,21,2015,STW
21_bin.6,21,2015,STW
21_bin.7,21,2015,STW
21_bin.8,21,2015,STW
22_bin.11,22,2015,SAW
22_bin.18,22,2015,SAW
22_bin.32,22,2015,SAW
22_bin.37,22,2015,SAW
22_bin.8,22,2015,SAW
23_bin.10,23,2015,Deep
23_bin.15,23,2015,Deep
23_bin.16,23,2015,Deep
23_bin.18,23,2015,Deep
23_bin.20,23,2015,Deep
23_bin.21,23,2015,Deep
23_bin.22,23,2015,Deep
23_bin.24,23,2015,Deep
23_bin.25,23,2015,Deep
23_bin.29,23,2015,Deep
23_bin.3,23,2015,Deep
23_bin.30,23,2015,Deep
23_bin.31,23,2015,Deep
23_bin.33,23,2015,Deep
23_bin.35,23,2015,Deep
23_bin.36,23,2015,Deep
23_bin.38,23,2015,Deep
23_bin.40,23,2015,Deep
23_bin.41,23,2015,Deep
23_bin.45,23,2015,Deep
23_bin.47,23,2015,Deep
23_bin.48,23,2015,Deep
23_bin.5,23,2015,Deep
23_bin.50,23,2015,Deep
23_bin.52,23,2015,Deep
23_bin.55,23,2015,Deep
23_bin.57,23,2015,Deep
23_bin.60,23,2015,Deep
23_bin.61,23,2015,Deep
23_bin.62,23,2015,Deep
23_bin.63,23,2015,Deep
23_bin.64,23,2015,Deep
23_bin.9,23,2015,Deep
24_bin.13,24,2015,STW
24_bin.14,24,2015,STW
24_bin.16,24,2015,STW
24_bin.18,24,2015,STW
24_bin.19,24,2015,STW
24_bin.21,24,2015,STW
24_bin.28,24,2015,STW
24_bin.3,24,2015,STW
24_bin.31,24,2015,STW
24_bin.38,24,2015,STW
24_bin.39,24,2015,STW
24_bin.42,24,2015,STW
24_bin.47,24,2015,STW
24_bin.51,24,2015,STW
24_bin.53,24,2015,STW
24_bin.54,24,2015,STW
25_bin.10,25,2015,STW
25_bin.11,25,2015,STW
25_bin.13,25,2015,STW
25_bin.16,25,2015,STW
25_bin.20,25,2015,STW
25_bin.21,25,2015,STW
25_bin.22,25,2015,STW
25_bin.25,25,2015,STW
25_bin.27,25,2015,STW
25_bin.30,25,2015,STW
25_bin.4,25,2015,STW
25_bin.8,25,2015,STW
26_bin.10,26,2015,Front
26_bin.12,26,2015,Front
26_bin.14,26,2015,Front
26_bin.15,26,2015,Front
26_bin.17,26,2015,Front
26_bin.18,26,2015,Front
26_bin.19,26,2015,Front
26_bin.24,26,2015,Front
26_bin.3,26,2015,Front
26_bin.31,26,2015,Front
26_bin.32,26,2015,Front
26_bin.9,26,2015,Front
27_bin.1,27,2015,SAW
27_bin.10,27,2015,SAW
27_bin.13,27,2015,SAW
27_bin.16,27,2015,SAW
27_bin.2,27,2015,SAW
27_bin.24,27,2015,SAW
27_bin.25,27,2015,SAW
27_bin.28,27,2015,SAW
27_bin.3,27,2015,SAW
27_bin.7,27,2015,SAW
27_bin.9,27,2015,SAW
28_bin.1,28,2015,SAW
28_bin.12,28,2015,SAW
28_bin.13,28,2015,SAW
28_bin.14,28,2015,SAW
28_bin.16,28,2015,SAW
28_bin.18,28,2015,SAW
28_bin.19,28,2015,SAW
28_bin.22,28,2015,SAW
28_bin.28,28,2015,SAW
28_bin.30,28,2015,SAW
29_bin.12,29,2015,SAW
29_bin.13,29,2015,SAW
29_bin.18,29,2015,SAW
29_bin.23,29,2015,SAW
29_bin.24,29,2015,SAW
29_bin.25,29,2015,SAW
29_bin.27,29,2015,SAW
29_bin.30,29,2015,SAW
29_bin.31,29,2015,SAW
29_bin.34,29,2015,SAW
29_bin.37,29,2015,SAW
29_bin.38,29,2015,SAW
29_bin.39,29,2015,SAW
29_bin.41,29,2015,SAW
29_bin.7,29,2015,SAW
30_bin.1,30,2015,SAW
30_bin.10,30,2015,SAW
30_bin.13,30,2015,SAW
30_bin.17,30,2015,SAW
30_bin.21,30,2015,SAW
30_bin.3,30,2015,SAW
30_bin.32,30,2015,SAW
30_bin.36,30,2015,SAW
30_bin.38,30,2015,SAW
30_bin.4,30,2015,SAW
30_bin.5,30,2015,SAW
30_bin.7,30,2015,SAW
30_bin.8,30,2015,SAW
32_bin.11,32,2016,STW
32_bin.2,32,2016,STW
32_bin.6,32,2016,STW
32_bin.9,32,2016,STW
33_bin.1,33,2016,SAW
33_bin.13,33,2016,SAW
33_bin.15,33,2016,SAW
33_bin.18,33,2016,SAW
33_bin.19,33,2016,SAW
33_bin.2,33,2016,SAW
33_bin.23,33,2016,SAW
33_bin.24,33,2016,SAW
33_bin.26,33,2016,SAW
33_bin.28,33,2016,SAW
33_bin.29,33,2016,SAW
33_bin.32,33,2016,SAW
33_bin.34,33,2016,SAW
33_bin.4,33,2016,SAW
34_bin.10,34,2016,Deep
34_bin.11,34,2016,Deep
34_bin.14,34,2016,Deep
34_bin.15,34,2016,Deep
34_bin.16,34,2016,Deep
34_bin.19,34,2016,Deep
34_bin.20,34,2016,Deep
34_bin.21,34,2016,Deep
34_bin.24,34,2016,Deep
34_bin.25,34,2016,Deep
34_bin.27,34,2016,Deep
34_bin.33,34,2016,Deep
34_bin.34,34,2016,Deep
34_bin.36,34,2016,Deep
34_bin.38,34,2016,Deep
34_bin.39,34,2016,Deep
34_bin.4,34,2016,Deep
34_bin.44,34,2016,Deep
34_bin.45,34,2016,Deep
34_bin.46,34,2016,Deep
34_bin.48,34,2016,Deep
34_bin.49,34,2016,Deep
34_bin.5,34,2016,Deep
34_bin.52,34,2016,Deep
35_bin.10,35,2016,Neritic
35_bin.13,35,2016,Neritic
35_bin.21,35,2016,Neritic
35_bin.23,35,2016,Neritic
35_bin.25,35,2016,Neritic
35_bin.26,35,2016,Neritic
35_bin.29,35,2016,Neritic
35_bin.3,35,2016,Neritic
35_bin.30,35,2016,Neritic
35_bin.31,35,2016,Neritic
35_bin.32,35,2016,Neritic
35_bin.33,35,2016,Neritic
35_bin.38,35,2016,Neritic
35_bin.39,35,2016,Neritic
35_bin.45,35,2016,Neritic
35_bin.54,35,2016,Neritic
35_bin.55,35,2016,Neritic
35_bin.59,35,2016,Neritic
35_bin.60,35,2016,Neritic
35_bin.61,35,2016,Neritic
35_bin.62,35,2016,Neritic
35_bin.67,35,2016,Neritic
35_bin.7,35,2016,Neritic
35_bin.71,35,2016,Neritic
35_bin.9,35,2016,Neritic
36_bin.1,36,2016,Neritic
36_bin.11,36,2016,Neritic
36_bin.15,36,2016,Neritic
36_bin.17,36,2016,Neritic
36_bin.18,36,2016,Neritic
36_bin.22,36,2016,Neritic
36_bin.26,36,2016,Neritic
36_bin.34,36,2016,Neritic
36_bin.35,36,2016,Neritic
36_bin.38,36,2016,Neritic
36_bin.39,36,2016,Neritic
36_bin.40,36,2016,Neritic
36_bin.41,36,2016,Neritic
36_bin.46,36,2016,Neritic
36_bin.48,36,2016,Neritic
36_bin.5,36,2016,Neritic
36_bin.50,36,2016,Neritic
36_bin.55,36,2016,Neritic
36_bin.59,36,2016,Neritic
36_bin.63,36,2016,Neritic
36_bin.66,36,2016,Neritic
36_bin.69,36,2016,Neritic
36_bin.7,36,2016,Neritic
36_bin.73,36,2016,Neritic
36_bin.75,36,2016,Neritic
36_bin.79,36,2016,Neritic
36_bin.83,36,2016,Neritic
36_bin.84,36,2016,Neritic
36_bin.86,36,2016,Neritic
36_bin.87,36,2016,Neritic
36_bin.90,36,2016,Neritic
37_bin.11,37,2016,STW
37_bin.13,37,2016,STW
37_bin.14,37,2016,STW
37_bin.19,37,2016,STW
37_bin.23,37,2016,STW
37_bin.24,37,2016,STW
37_bin.30,37,2016,STW
37_bin.31,37,2016,STW
37_bin.33,37,2016,STW
37_bin.35,37,2016,STW
37_bin.38,37,2016,STW
37_bin.39,37,2016,STW
37_bin.41,37,2016,STW
37_bin.42,37,2016,STW
37_bin.43,37,2016,STW
37_bin.44,37,2016,STW
37_bin.47,37,2016,STW
37_bin.48,37,2016,STW
37_bin.5,37,2016,STW
37_bin.51,37,2016,STW
37_bin.6,37,2016,STW
37_bin.61,37,2016,STW
37_bin.66,37,2016,STW
37_bin.7,37,2016,STW
37_bin.70,37,2016,STW
37_bin.71,37,2016,STW
37_bin.9,37,2016,STW
38_bin.10,38,2016,Front
38_bin.14,38,2016,Front
38_bin.15,38,2016,Front
38_bin.23,38,2016,Front
38_bin.28,38,2016,Front
38_bin.32,38,2016,Front
38_bin.33,38,2016,Front
38_bin.34,38,2016,Front
38_bin.37,38,2016,Front
38_bin.4,38,2016,Front
38_bin.42,38,2016,Front
38_bin.44,38,2016,Front
38_bin.45,38,2016,Front
38_bin.48,38,2016,Front
38_bin.52,38,2016,Front
38_bin.58,38,2016,Front
38_bin.60,38,2016,Front
38_bin.68,38,2016,Front
38_bin.70,38,2016,Front
38_bin.9,38,2016,Front
39_bin.10,39,2016,SAW
39_bin.12,39,2016,SAW
39_bin.13,39,2016,SAW
39_bin.15,39,2016,SAW
39_bin.17,39,2016,SAW
39_bin.2,39,2016,SAW
39_bin.22,39,2016,SAW
39_bin.23,39,2016,SAW
39_bin.27,39,2016,SAW
39_bin.3,39,2016,SAW
39_bin.33,39,2016,SAW
39_bin.34,39,2016,SAW
39_bin.36,39,2016,SAW
39_bin.37,39,2016,SAW
39_bin.4,39,2016,SAW
39_bin.43,39,2016,SAW
39_bin.44,39,2016,SAW
39_bin.5,39,2016,SAW
39_bin.6,39,2016,SAW
40_bin.12,40,2016,SAW
40_bin.13,40,2016,SAW
40_bin.15,40,2016,SAW
40_bin.18,40,2016,SAW
40_bin.2,40,2016,SAW
40_bin.21,40,2016,SAW
40_bin.22,40,2016,SAW
40_bin.24,40,2016,SAW
40_bin.25,40,2016,SAW
40_bin.28,40,2016,SAW
40_bin.3,40,2016,SAW
40_bin.33,40,2016,SAW
40_bin.34,40,2016,SAW
40_bin.37,40,2016,SAW
40_bin.38,40,2016,SAW
40_bin.4,40,2016,SAW
40_bin.40,40,2016,SAW
40_bin.41,40,2016,SAW
40_bin.42,40,2016,SAW
40_bin.47,40,2016,SAW
40_bin.49,40,2016,SAW
40_bin.54,40,2016,SAW
40_bin.58,40,2016,SAW
40_bin.6,40,2016,SAW
41_bin.10,41,2016,SAW
41_bin.100,41,2016,SAW
41_bin.102,41,2016,SAW
41_bin.17,41,2016,SAW
41_bin.18,41,2016,SAW
41_bin.2,41,2016,SAW
41_bin.21,41,2016,SAW
41_bin.26,41,2016,SAW
41_bin.27,41,2016,SAW
41_bin.28,41,2016,SAW
41_bin.3,41,2016,SAW
41_bin.35,41,2016,SAW
41_bin.39,41,2016,SAW
41_bin.43,41,2016,SAW
41_bin.52,41,2016,SAW
41_bin.53,41,2016,SAW
41_bin.56,41,2016,SAW
41_bin.57,41,2016,SAW
41_bin.58,41,2016,SAW
41_bin.6,41,2016,SAW
41_bin.60,41,2016,SAW
41_bin.61,41,2016,SAW
41_bin.62,41,2016,SAW
41_bin.64,41,2016,SAW
41_bin.69,41,2016,SAW
41_bin.74,41,2016,SAW
41_bin.76,41,2016,SAW
41_bin.77,41,2016,SAW
41_bin.8,41,2016,SAW
41_bin.84,41,2016,SAW
41_bin.85,41,2016,SAW
41_bin.86,41,2016,SAW
41_bin.89,41,2016,SAW
41_bin.99,41,2016,SAW
42_bin.10,42,2016,SAW
42_bin.16,42,2016,SAW
42_bin.17,42,2016,SAW
42_bin.20,42,2016,SAW
42_bin.26,42,2016,SAW
42_bin.27,42,2016,SAW
42_bin.3,42,2016,SAW
42_bin.32,42,2016,SAW
42_bin.33,42,2016,SAW
42_bin.34,42,2016,SAW
42_bin.38,42,2016,SAW
42_bin.39,42,2016,SAW
42_bin.43,42,2016,SAW
42_bin.44,42,2016,SAW
42_bin.47,42,2016,SAW
42_bin.50,42,2016,SAW
42_bin.51,42,2016,SAW
42_bin.53,42,2016,SAW
42_bin.55,42,2016,SAW
42_bin.57,42,2016,SAW
42_bin.58,42,2016,SAW
42_bin.59,42,2016,SAW
42_bin.60,42,2016,SAW
42_bin.62,42,2016,SAW
42_bin.65,42,2016,SAW
42_bin.66,42,2016,SAW
42_bin.67,42,2016,SAW
43_bin.10,43,2016,Deep
43_bin.18,43,2016,Deep
43_bin.23,43,2016,Deep
43_bin.24,43,2016,Deep
43_bin.25,43,2016,Deep
43_bin.27,43,2016,Deep
43_bin.28,43,2016,Deep
43_bin.30,43,2016,Deep
43_bin.31,43,2016,Deep
43_bin.33,43,2016,Deep
43_bin.36,43,2016,Deep
43_bin.37,43,2016,Deep
43_bin.42,43,2016,Deep
43_bin.45,43,2016,Deep
43_bin.5,43,2016,Deep
43_bin.6,43,2016,Deep
43_bin.8,43,2016,Deep
43_bin.9,43,2016,Deep
44_bin.11,44,2016,STW
44_bin.13,44,2016,STW
44_bin.17,44,2016,STW
44_bin.21,44,2016,STW
44_bin.27,44,2016,STW
44_bin.35,44,2016,STW
45_bin.18,45,2016,Front
45_bin.3,45,2016,Front
45_bin.9,45,2016,Front
46_bin.18,46,2016,SAW
46_bin.2,46,2016,SAW
46_bin.25,46,2016,SAW
46_bin.26,46,2016,SAW
46_bin.29,46,2016,SAW
46_bin.30,46,2016,SAW
46_bin.36,46,2016,SAW
46_bin.4,46,2016,SAW
46_bin.47,46,2016,SAW
46_bin.51,46,2016,SAW
46_bin.52,46,2016,SAW
46_bin.6,46,2016,SAW
47_bin.12,47,2016,Deep
47_bin.13,47,2016,Deep
47_bin.16,47,2016,Deep
47_bin.20,47,2016,Deep
47_bin.21,47,2016,Deep
47_bin.25,47,2016,Deep
47_bin.30,47,2016,Deep
47_bin.36,47,2016,Deep
47_bin.37,47,2016,Deep
47_bin.38,47,2016,Deep
47_bin.39,47,2016,Deep
47_bin.4,47,2016,Deep
47_bin.40,47,2016,Deep
47_bin.41,47,2016,Deep
47_bin.42,47,2016,Deep
47_bin.5,47,2016,Deep
47_bin.9,47,2016,Deep
48_bin.1,48,2017,STW
48_bin.2,48,2017,STW
48_bin.20,48,2017,STW
48_bin.32,48,2017,STW
48_bin.34,48,2017,STW
48_bin.37,48,2017,STW
48_bin.41,48,2017,STW
48_bin.44,48,2017,STW
48_bin.55,48,2017,STW
48_bin.8,48,2017,STW
49_bin.2,49,2017,Front
49_bin.4,49,2017,Front
50_bin.11,50,2017,SAW
50_bin.14,50,2017,SAW
50_bin.15,50,2017,SAW
50_bin.16,50,2017,SAW
50_bin.2,50,2017,SAW
50_bin.20,50,2017,SAW
50_bin.21,50,2017,SAW
50_bin.23,50,2017,SAW
50_bin.24,50,2017,SAW
50_bin.27,50,2017,SAW
50_bin.5,50,2017,SAW
50_bin.9,50,2017,SAW
51_bin.1,51,2017,Deep
51_bin.12,51,2017,Deep
51_bin.15,51,2017,Deep
51_bin.16,51,2017,Deep
51_bin.18,51,2017,Deep
51_bin.19,51,2017,Deep
51_bin.21,51,2017,Deep
51_bin.22,51,2017,Deep
51_bin.23,51,2017,Deep
51_bin.24,51,2017,Deep
51_bin.26,51,2017,Deep
51_bin.28,51,2017,Deep
51_bin.30,51,2017,Deep
51_bin.32,51,2017,Deep
51_bin.42,51,2017,Deep
51_bin.47,51,2017,Deep
51_bin.5,51,2017,Deep
51_bin.52,51,2017,Deep
51_bin.53,51,2017,Deep
51_bin.54,51,2017,Deep
51_bin.55,51,2017,Deep
51_bin.63,51,2017,Deep
51_bin.64,51,2017,Deep
51_bin.7,51,2017,Deep
51_bin.8,51,2017,Deep
52_bin.21,52,2017,STW
52_bin.25,52,2017,STW
52_bin.27,52,2017,STW
52_bin.3,52,2017,STW
52_bin.35,52,2017,STW
52_bin.37,52,2017,STW
52_bin.38,52,2017,STW
52_bin.39,52,2017,STW
52_bin.43,52,2017,STW
52_bin.46,52,2017,STW
52_bin.48,52,2017,STW
52_bin.49,52,2017,STW
52_bin.56,52,2017,STW
52_bin.60,52,2017,STW
52_bin.9,52,2017,STW
53_bin.10,53,2017,SAW
53_bin.13,53,2017,SAW
53_bin.14,53,2017,SAW
53_bin.29,53,2017,SAW
53_bin.31,53,2017,SAW
54_bin.1,54,2017,SAW
54_bin.12,54,2017,SAW
54_bin.14,54,2017,SAW
54_bin.16,54,2017,SAW
54_bin.17,54,2017,SAW
54_bin.26,54,2017,SAW
54_bin.29,54,2017,SAW
54_bin.3,54,2017,SAW
54_bin.31,54,2017,SAW
54_bin.32,54,2017,SAW
54_bin.35,54,2017,SAW
54_bin.36,54,2017,SAW
54_bin.37,54,2017,SAW
54_bin.38,54,2017,SAW
54_bin.39,54,2017,SAW
54_bin.8,54,2017,SAW
54_bin.9,54,2017,SAW
56_bin.13,56,2017,STW
56_bin.16,56,2017,STW
56_bin.18,56,2017,STW
56_bin.20,56,2017,STW
56_bin.30,56,2017,STW
56_bin.33,56,2017,STW
56_bin.34,56,2017,STW
56_bin.5,56,2017,STW
57_bin.11,57,2017,Front
57_bin.18,57,2017,Front
57_bin.5,57,2017,Front
57_bin.7,57,2017,Front
58_bin.12,58,2017,SAW
58_bin.15,58,2017,SAW
58_bin.29,58,2017,SAW
58_bin.3,58,2017,SAW
58_bin.32,58,2017,SAW
59_bin.1,59,2017,STW
59_bin.3,59,2017,STW
61_bin.10,61,2017,Deep
61_bin.11,61,2017,Deep
61_bin.12,61,2017,Deep
61_bin.16,61,2017,Deep
61_bin.20,61,2017,Deep
61_bin.21,61,2017,Deep
61_bin.24,61,2017,Deep
61_bin.26,61,2017,Deep
61_bin.27,61,2017,Deep
61_bin.28,61,2017,Deep
61_bin.29,61,2017,Deep
61_bin.32,61,2017,Deep
61_bin.33,61,2017,Deep
61_bin.34,61,2017,Deep
61_bin.37,61,2017,Deep
61_bin.38,61,2017,Deep
61_bin.40,61,2017,Deep
61_bin.42,61,2017,Deep
61_bin.43,61,2017,Deep
61_bin.48,61,2017,Deep
61_bin.49,61,2017,Deep
61_bin.5,61,2017,Deep
61_bin.50,61,2017,Deep
61_bin.53,61,2017,Deep
61_bin.54,61,2017,Deep
61_bin.56,61,2017,Deep
61_bin.57,61,2017,Deep
61_bin.58,61,2017,Deep
61_bin.9,61,2017,Deep
62_bin.1,62,2017,STW
62_bin.17,62,2017,STW
62_bin.19,62,2017,STW
62_bin.21,62,2017,STW
62_bin.36,62,2017,STW
62_bin.5,62,2017,STW
62_bin.8,62,2017,STW
62_bin.9,62,2017,STW
63_bin.1,63,2017,SAW
63_bin.15,63,2017,SAW
63_bin.20,63,2017,SAW
63_bin.3,63,2017,SAW
63_bin.8,63,2017,SAW
63_bin.9,63,2017,SAW
64_bin.1,64,2017,Deep
64_bin.12,64,2017,Deep
64_bin.14,64,2017,Deep
64_bin.18,64,2017,Deep
64_bin.19,64,2017,Deep
64_bin.26,64,2017,Deep
64_bin.3,64,2017,Deep
64_bin.33,64,2017,Deep
64_bin.34,64,2017,Deep
64_bin.6,64,2017,Deep
64_bin.8,64,2017,Deep
65_bin.17,65,2017,STW
65_bin.20,65,2017,STW
65_bin.22,65,2017,STW
65_bin.23,65,2017,STW
65_bin.25,65,2017,STW
65_bin.3,65,2017,STW
65_bin.32,65,2017,STW
65_bin.38,65,2017,STW
65_bin.40,65,2017,STW
65_bin.42,65,2017,STW
66_bin.10,66,2017,SAW
66_bin.12,66,2017,SAW
66_bin.13,66,2017,SAW
66_bin.29,66,2017,SAW
66_bin.6,66,2017,SAW
67_bin.11,67,2017,STW
67_bin.12,67,2017,STW
67_bin.15,67,2017,STW
67_bin.17,67,2017,STW
67_bin.18,67,2017,STW
67_bin.2,67,2017,STW
67_bin.26,67,2017,STW
67_bin.29,67,2017,STW
67_bin.3,67,2017,STW
67_bin.36,67,2017,STW
67_bin.37,67,2017,STW
67_bin.5,67,2017,STW
67_bin.7,67,2017,STW
68_bin.10,68,2017,SAW
68_bin.11,68,2017,SAW
68_bin.13,68,2017,SAW
68_bin.15,68,2017,SAW
68_bin.16,68,2017,SAW
68_bin.18,68,2017,SAW
68_bin.19,68,2017,SAW
68_bin.22,68,2017,SAW
68_bin.24,68,2017,SAW
68_bin.28,68,2017,SAW
68_bin.29,68,2017,SAW
68_bin.33,68,2017,SAW
68_bin.34,68,2017,SAW
69_bin.11,69,2017,Deep
69_bin.12,69,2017,Deep
69_bin.13,69,2017,Deep
69_bin.14,69,2017,Deep
69_bin.16,69,2017,Deep
69_bin.2,69,2017,Deep
69_bin.22,69,2017,Deep
69_bin.23,69,2017,Deep
69_bin.25,69,2017,Deep
69_bin.27,69,2017,Deep
69_bin.7,69,2017,Deep
69_bin.9,69,2017,Deep
70_bin.13,70,2018,STW
70_bin.14,70,2018,STW
70_bin.15,70,2018,STW
70_bin.18,70,2018,STW
70_bin.27,70,2018,STW
70_bin.3,70,2018,STW
70_bin.31,70,2018,STW
70_bin.32,70,2018,STW
70_bin.6,70,2018,STW
70_bin.8,70,2018,STW
71_bin.12,71,2018,SAW
71_bin.13,71,2018,SAW
71_bin.14,71,2018,SAW
71_bin.18,71,2018,SAW
71_bin.2,71,2018,SAW
71_bin.20,71,2018,SAW
71_bin.4,71,2018,SAW
71_bin.6,71,2018,SAW
71_bin.8,71,2018,SAW
71_bin.9,71,2018,SAW
72_bin.1,72,2018,Deep
72_bin.11,72,2018,Deep
72_bin.12,72,2018,Deep
72_bin.13,72,2018,Deep
72_bin.2,72,2018,Deep
72_bin.3,72,2018,Deep
72_bin.8,72,2018,Deep
72_bin.9,72,2018,Deep
73_bin.3,73,2018,STW
73_bin.6,73,2018,STW
74_bin.1,74,2018,SAW
74_bin.10,74,2018,SAW
74_bin.11,74,2018,SAW
74_bin.13,74,2018,SAW
74_bin.14,74,2018,SAW
74_bin.17,74,2018,SAW
74_bin.2,74,2018,SAW
74_bin.21,74,2018,SAW
74_bin.28,74,2018,SAW
74_bin.29,74,2018,SAW
74_bin.3,74,2018,SAW
74_bin.4,74,2018,SAW
74_bin.5,74,2018,SAW
74_bin.7,74,2018,SAW
76_bin.16,76,2018,STW
76_bin.19,76,2018,STW
76_bin.20,76,2018,STW
76_bin.22,76,2018,STW
76_bin.26,76,2018,STW
76_bin.3,76,2018,STW
76_bin.30,76,2018,STW
76_bin.32,76,2018,STW
76_bin.34,76,2018,STW
76_bin.36,76,2018,STW
76_bin.43,76,2018,STW
76_bin.44,76,2018,STW
77_bin.1,77,2018,SAW
77_bin.11,77,2018,SAW
77_bin.12,77,2018,SAW
77_bin.15,77,2018,SAW
77_bin.16,77,2018,SAW
77_bin.18,77,2018,SAW
77_bin.19,77,2018,SAW
77_bin.21,77,2018,SAW
77_bin.24,77,2018,SAW
77_bin.31,77,2018,SAW
77_bin.32,77,2018,SAW
77_bin.34,77,2018,SAW
77_bin.35,77,2018,SAW
77_bin.37,77,2018,SAW
77_bin.4,77,2018,SAW
77_bin.40,77,2018,SAW
77_bin.41,77,2018,SAW
77_bin.48,77,2018,SAW
77_bin.49,77,2018,SAW
77_bin.7,77,2018,SAW
78_bin.10,78,2018,STW
78_bin.17,78,2018,STW
78_bin.20,78,2018,STW
78_bin.21,78,2018,STW
78_bin.22,78,2018,STW
78_bin.24,78,2018,STW
78_bin.30,78,2018,STW
78_bin.36,78,2018,STW
78_bin.42,78,2018,STW
78_bin.45,78,2018,STW
79_bin.10,79,2018,SAW
79_bin.12,79,2018,SAW
79_bin.16,79,2018,SAW
79_bin.17,79,2018,SAW
79_bin.22,79,2018,SAW
79_bin.23,79,2018,SAW
79_bin.27,79,2018,SAW
79_bin.28,79,2018,SAW
79_bin.29,79,2018,SAW
79_bin.3,79,2018,SAW
79_bin.30,79,2018,SAW
79_bin.37,79,2018,SAW
79_bin.40,79,2018,SAW
79_bin.47,79,2018,SAW
79_bin.49,79,2018,SAW
79_bin.5,79,2018,SAW
79_bin.53,79,2018,SAW
79_bin.56,79,2018,SAW
79_bin.61,79,2018,SAW
79_bin.66,79,2018,SAW
80_bin.1,80,2018,Deep
80_bin.10,80,2018,Deep
80_bin.13,80,2018,Deep
80_bin.15,80,2018,Deep
80_bin.16,80,2018,Deep
80_bin.19,80,2018,Deep
80_bin.20,80,2018,Deep
80_bin.21,80,2018,Deep
80_bin.23,80,2018,Deep
80_bin.25,80,2018,Deep
80_bin.27,80,2018,Deep
80_bin.29,80,2018,Deep
80_bin.31,80,2018,Deep
80_bin.33,80,2018,Deep
80_bin.35,80,2018,Deep
80_bin.36,80,2018,Deep
80_bin.37,80,2018,Deep
80_bin.42,80,2018,Deep
80_bin.44,80,2018,Deep
80_bin.45,80,2018,Deep
80_bin.46,80,2018,Deep
80_bin.5,80,2018,Deep
80_bin.7,80,2018,Deep
80_bin.8,80,2018,Deep
81_bin.2,81,2018,STW
81_bin.6,81,2018,STW
82_bin.10,82,2018,SAW
82_bin.11,82,2018,SAW
82_bin.12,82,2018,SAW
82_bin.14,82,2018,SAW
82_bin.16,82,2018,SAW
82_bin.2,82,2018,SAW
82_bin.21,82,2018,SAW
82_bin.26,82,2018,SAW
82_bin.27,82,2018,SAW
82_bin.29,82,2018,SAW
82_bin.32,82,2018,SAW
82_bin.7,82,2018,SAW
83_bin.1,83,2018,Deep
83_bin.10,83,2018,Deep
83_bin.12,83,2018,Deep
83_bin.14,83,2018,Deep
83_bin.15,83,2018,Deep
83_bin.23,83,2018,Deep
83_bin.25,83,2018,Deep
83_bin.26,83,2018,Deep
83_bin.27,83,2018,Deep
83_bin.3,83,2018,Deep
83_bin.30,83,2018,Deep
83_bin.32,83,2018,Deep
83_bin.33,83,2018,Deep
83_bin.35,83,2018,Deep
83_bin.39,83,2018,Deep
83_bin.41,83,2018,Deep