root,Phylum,Class,Order,Family,Genus,Species
root,Acidobacteriota,Vicinamibacteria,Vicinamibacterales,UBA8438,UBA8438,UBA8438 sp002712885
root,Acidobacteriota,Vicinamibacteria,Vicinamibacterales,UBA8438,Family_UBA8438,Family_UBA8438
root,Acidobacteriota,Vicinamibacteria,Vicinamibacterales,UBA8438,Family_UBA8438,Family_UBA8438
root,Acidobacteriota,Vicinamibacteria,Vicinamibacterales,UBA8438,Family_UBA8438,Family_UBA8438
root,Acidobacteriota,Vicinamibacteria,Vicinamibacterales,UBA8438,Family_UBA8438,Family_UBA8438
root,Acidobacteriota,Vicinamibacteria,Vicinamibacterales,UBA8438,Family_UBA8438,Family_UBA8438
root,Acidobacteriota,Vicinamibacteria,Vicinamibacterales,UBA8438,Family_UBA8438,Family_UBA8438
root,Actinobacteriota,Actinobacteria,Actinomycetales,Microbacteriaceae,Aquiluna,Genus_Aquiluna
root,Actinobacteriota,Actinobacteria,Propionibacteriales,Propionibacteriaceae,Cutibacterium,Cutibacterium acnes
root,Actinobacteriota,Actinobacteria,Propionibacteriales,Propionibacteriaceae,Cutibacterium,Cutibacterium acnes
root,Actinobacteriota,Acidimicrobiia,Microtrichales,MedAcidi-G1,MedAcidi-G1,MedAcidi-G1 sp000817085
root,Actinobacteriota,Acidimicrobiia,Microtrichales,MedAcidi-G1,MedAcidi-G1,MedAcidi-G1 sp000817085
root,Actinobacteriota,Acidimicrobiia,Microtrichales,MedAcidi-G1,MedAcidi-G1,MedAcidi-G1 sp000817085
root,Actinobacteriota,Acidimicrobiia,Microtrichales,MedAcidi-G1,MedAcidi-G1,MedAcidi-G1 sp000817085
root,Actinobacteriota,Acidimicrobiia,Microtrichales,MedAcidi-G1,MedAcidi-G1,MedAcidi-G1 sp000817085
root,Actinobacteriota,Acidimicrobiia,Microtrichales,MedAcidi-G1,MedAcidi-G1,MedAcidi-G1 sp000817085
root,Actinobacteriota,Acidimicrobiia,Microtrichales,MedAcidi-G1,MedAcidi-G1,MedAcidi-G1 sp000817085
root,Actinobacteriota,Acidimicrobiia,Microtrichales,MedAcidi-G1,MedAcidi-G1,MedAcidi-G1 sp000817085
root,Actinobacteriota,Acidimicrobiia,Microtrichales,TK06,MedAcidi-G3,MedAcidi-G3 sp000817105
root,Actinobacteriota,Acidimicrobiia,Microtrichales,TK06,MedAcidi-G3,MedAcidi-G3 sp000817105
root,Actinobacteriota,Acidimicrobiia,Microtrichales,TK06,MedAcidi-G3,MedAcidi-G3 sp000817105
root,Actinobacteriota,Acidimicrobiia,Microtrichales,TK06,MedAcidi-G3,MedAcidi-G3 sp000817105
root,Actinobacteriota,Acidimicrobiia,Microtrichales,MedAcidi-G1,S20-B6,S20-B6 sp002699725
root,Actinobacteriota,Acidimicrobiia,Microtrichales,MedAcidi-G1,S20-B6,S20-B6 sp002699725
root,Actinobacteriota,Acidimicrobiia,Microtrichales,MedAcidi-G1,S20-B6,S20-B6 sp002699725
root,Actinobacteriota,Acidimicrobiia,Microtrichales,MedAcidi-G1,S20-B6,S20-B6 sp002699725
root,Actinobacteriota,Acidimicrobiia,Microtrichales,MedAcidi-G1,S20-B6,S20-B6 sp002699725
root,Actinobacteriota,Acidimicrobiia,Microtrichales,MedAcidi-G1,S20-B6,S20-B6 sp002699725
root,Actinobacteriota,Acidimicrobiia,Microtrichales,MedAcidi-G1,S20-B6,S20-B6 sp002699725
root,Actinobacteriota,Acidimicrobiia,Microtrichales,MedAcidi-G1,S20-B6,S20-B6 sp002699725
root,Actinobacteriota,Acidimicrobiia,Microtrichales,MedAcidi-G1,S20-B6,S20-B6 sp002699725
root,Actinobacteriota,Acidimicrobiia,Microtrichales,MedAcidi-G1,S20-B6,S20-B6 sp002699725
root,Actinobacteriota,Actinobacteria,Actinomycetales,Dermatophilaceae,Terracoccus,Genus_Terracoccus
root,Actinobacteriota,Acidimicrobiia,TMED189,TMED189,TMED189,Genus_TMED189
root,Actinobacteriota,Acidimicrobiia,Microtrichales,UBA11606,UBA11606,Genus_UBA11606
root,Actinobacteriota,Acidimicrobiia,Microtrichales,UBA11606,UBA11606,Genus_UBA11606
root,Actinobacteriota,Acidimicrobiia,Microtrichales,UBA11606,UBA11606,Genus_UBA11606
root,Actinobacteriota,Acidimicrobiia,Microtrichales,UBA11606,UBA11606,Genus_UBA11606
root,Actinobacteriota,Acidimicrobiia,Microtrichales,UBA11606,UBA11606,Genus_UBA11606
root,Actinobacteriota,Acidimicrobiia,Microtrichales,TK06,UBA2110,Genus_UBA2110
root,Actinobacteriota,Acidimicrobiia,Microtrichales,TK06,UBA2110,Genus_UBA2110
root,Actinobacteriota,Acidimicrobiia,Microtrichales,TK06,UBA2110,Genus_UBA2110
root,Actinobacteriota,Acidimicrobiia,Microtrichales,TK06,UBA2110,Genus_UBA2110
root,Actinobacteriota,Acidimicrobiia,Microtrichales,TK06,UBA2110,Genus_UBA2110
root,Actinobacteriota,Acidimicrobiia,Microtrichales,TK06,UBA2110,Genus_UBA2110
root,Actinobacteriota,Acidimicrobiia,Microtrichales,TK06,UBA2110,Genus_UBA2110
root,Actinobacteriota,Acidimicrobiia,Microtrichales,TK06,UBA2110,Genus_UBA2110
root,Actinobacteriota,Acidimicrobiia,Microtrichales,TK06,UBA2110,Genus_UBA2110
root,Actinobacteriota,Acidimicrobiia,Microtrichales,TK06,UBA2110,Genus_UBA2110
root,Actinobacteriota,Acidimicrobiia,Microtrichales,TK06,UBA9040,Genus_UBA9040
root,Actinobacteriota,Acidimicrobiia,Microtrichales,TK06,UBA9040,Genus_UBA9040
root,Actinobacteriota,Acidimicrobiia,Microtrichales,TK06,UBA9040,Genus_UBA9040
root,Actinobacteriota,Acidimicrobiia,Microtrichales,TK06,UBA9040,Genus_UBA9040
root,Actinobacteriota,Acidimicrobiia,Microtrichales,TK06,UBA9040,Genus_UBA9040
root,Actinobacteriota,Acidimicrobiia,Microtrichales,TK06,UBA9040,Genus_UBA9040
root,Actinobacteriota,Acidimicrobiia,Microtrichales,TK06,UBA9040,Genus_UBA9040
root,Actinobacteriota,Acidimicrobiia,Microtrichales,TK06,UBA9040,Genus_UBA9040
root,Actinobacteriota,Acidimicrobiia,Microtrichales,TK06,UBA9040,Genus_UBA9040
root,Actinobacteriota,Acidimicrobiia,Microtrichales,TK06,UBA9040,Genus_UBA9040
root,Actinobacteriota,Acidimicrobiia,Microtrichales,MedAcidi-G1,UBA9410,Genus_UBA9410
root,Actinobacteriota,Acidimicrobiia,Microtrichales,MedAcidi-G1,UBA9410,Genus_UBA9410
root,Actinobacteriota,Acidimicrobiia,Microtrichales,MedAcidi-G1,UBA9410,Genus_UBA9410
root,Actinobacteriota,Acidimicrobiia,Microtrichales,MedAcidi-G1,UBA9410,Genus_UBA9410
root,Actinobacteriota,Acidimicrobiia,Microtrichales,MedAcidi-G1,UBA9410,Genus_UBA9410
root,Actinobacteriota,Acidimicrobiia,Microtrichales,MedAcidi-G1,UBA9410,Genus_UBA9410
root,Actinobacteriota,Acidimicrobiia,Microtrichales,MedAcidi-G1,UBA9410,Genus_UBA9410
root,Actinobacteriota,Acidimicrobiia,Microtrichales,MedAcidi-G1,UBA9410,Genus_UBA9410
root,Actinobacteriota,Acidimicrobiia,Microtrichales,MedAcidi-G1,UBA9410,Genus_UBA9410
root,Actinobacteriota,Acidimicrobiia,Microtrichales,MedAcidi-G1,UBA9410,Genus_UBA9410
root,Actinobacteriota,Acidimicrobiia,Microtrichales,MedAcidi-G1,UBA9410,Genus_UBA9410
root,Actinobacteriota,Acidimicrobiia,Microtrichales,MedAcidi-G1,UBA9410,Genus_UBA9410
root,Actinobacteriota,Acidimicrobiia,Microtrichales,MedAcidi-G1,UBA9410,Genus_UBA9410
root,Actinobacteriota,Acidimicrobiia,Microtrichales,MedAcidi-G1,UBA9410,Genus_UBA9410
root,Actinobacteriota,Acidimicrobiia,Microtrichales,MedAcidi-G1,UBA9410,Genus_UBA9410
root,Actinobacteriota,Acidimicrobiia,Microtrichales,MedAcidi-G1,UBA9410,Genus_UBA9410
root,Actinobacteriota,Acidimicrobiia,Microtrichales,MedAcidi-G1,UBA9410,Genus_UBA9410
root,Actinobacteriota,Acidimicrobiia,Microtrichales,MedAcidi-G1,UBA9410,Genus_UBA9410
root,Actinobacteriota,Acidimicrobiia,Microtrichales,MedAcidi-G1,UBA9410,Genus_UBA9410
root,Actinobacteriota,Acidimicrobiia,Microtrichales,MedAcidi-G1,UBA9410,Genus_UBA9410
root,Actinobacteriota,Acidimicrobiia,Microtrichales,UBA8592,Family_UBA8592,Family_UBA8592
root,Actinobacteriota,Acidimicrobiia,Microtrichales,UBA8592,Family_UBA8592,Family_UBA8592
root,Actinobacteriota,Acidimicrobiia,Microtrichales,UBA8592,Family_UBA8592,Family_UBA8592
root,Bacteroidota,Bacteroidia,Flavobacteriales,Flavobacteriaceae,BACL21,Genus_BACL21
root,Bacteroidota,Bacteroidia,Flavobacteriales,Flavobacteriaceae,GCA-002733185,Genus_GCA-002733185
root,Bacteroidota,Bacteroidia,Flavobacteriales,Flavobacteriaceae,GCA-002733185,Genus_GCA-002733185
root,Bacteroidota,Bacteroidia,Flavobacteriales,Flavobacteriaceae,GCA-2700405,Genus_GCA-2700405
root,Bacteroidota,Bacteroidia,Flavobacteriales,Flavobacteriaceae,HC6-5,Genus_HC6-5
root,Bacteroidota,Bacteroidia,Flavobacteriales,Flavobacteriaceae,HC6-5,Genus_HC6-5
root,Bacteroidota,Bacteroidia,Flavobacteriales,Flavobacteriaceae,HC6-5,Genus_HC6-5
root,Bacteroidota,Bacteroidia,Flavobacteriales,Flavobacteriaceae,HC6-5,Genus_HC6-5
root,Bacteroidota,Bacteroidia,Flavobacteriales,Flavobacteriaceae,Hel1-33-131,Genus_Hel1-33-131
root,Bacteroidota,Bacteroidia,Flavobacteriales,Flavobacteriaceae,Hel1-33-131,Genus_Hel1-33-131
root,Bacteroidota,Bacteroidia,Flavobacteriales,Flavobacteriaceae,Hel1-33-131,Genus_Hel1-33-131
root,Bacteroidota,Bacteroidia,Flavobacteriales,Flavobacteriaceae,Hel1-33-131,Genus_Hel1-33-131
root,Bacteroidota,Bacteroidia,Flavobacteriales,Flavobacteriaceae,Hel1-33-131,Genus_Hel1-33-131
root,Bacteroidota,Bacteroidia,Flavobacteriales,Flavobacteriaceae,Hel1-33-131,Genus_Hel1-33-131
root,Bacteroidota,Bacteroidia,Flavobacteriales,Flavobacteriaceae,MAG-121220-bin8,MAG-121220-bin8 sp002700465
root,Bacteroidota,Bacteroidia,Flavobacteriales,Flavobacteriaceae,MAG-121220-bin8,MAG-121220-bin8 sp002700465
root,Bacteroidota,Bacteroidia,Flavobacteriales,Flavobacteriaceae,MED-G11,MED-G11 sp002457075
root,Bacteroidota,Bacteroidia,Flavobacteriales,Flavobacteriaceae,MED-G11,MED-G11 sp002457075
root,Bacteroidota,Bacteroidia,Flavobacteriales,Flavobacteriaceae,MED-G11,Genus_MED-G11
root,Bacteroidota,Bacteroidia,Flavobacteriales,Flavobacteriaceae,MED-G11,Genus_MED-G11
root,Bacteroidota,Bacteroidia,Flavobacteriales,Flavobacteriaceae,MED-G11,Genus_MED-G11
root,Bacteroidota,Bacteroidia,Flavobacteriales,Flavobacteriaceae,MED-G11,Genus_MED-G11
root,Bacteroidota,Bacteroidia,Flavobacteriales,UBA10066,MED-G20,Genus_MED-G20
root,Bacteroidota,Bacteroidia,Flavobacteriales,UBA10066,MED-G20,Genus_MED-G20
root,Bacteroidota,Bacteroidia,Flavobacteriales,UBA10066,MED-G20,Genus_MED-G20
root,Bacteroidota,Bacteroidia,Flavobacteriales,Flavobacteriaceae,MS024-2A,Genus_MS024-2A
root,Bacteroidota,Bacteroidia,Flavobacteriales,Flavobacteriaceae,MS024-2A,Genus_MS024-2A
root,Bacteroidota,Bacteroidia,Flavobacteriales,Flavobacteriaceae,MS024-2A,Genus_MS024-2A
root,Bacteroidota,Bacteroidia,Flavobacteriales,Flavobacteriaceae,MS024-2A,Genus_MS024-2A
root,Bacteroidota,Bacteroidia,Flavobacteriales,Flavobacteriaceae,MS024-2A,Genus_MS024-2A
root,Bacteroidota,Bacteroidia,Flavobacteriales,Flavobacteriaceae,MS024-2A,Genus_MS024-2A
root,Bacteroidota,Bacteroidia,Flavobacteriales,Flavobacteriaceae,MS024-2A,Genus_MS024-2A
root,Bacteroidota,Bacteroidia,Flavobacteriales,Flavobacteriaceae,MS024-2A,Genus_MS024-2A
root,Bacteroidota,Bacteroidia,Flavobacteriales,Flavobacteriaceae,MS024-2A,Genus_MS024-2A
root,Bacteroidota,Bacteroidia,Flavobacteriales,Flavobacteriaceae,MS024-2A,Genus_MS024-2A
root,Bacteroidota,Bacteroidia,Flavobacteriales,Flavobacteriaceae,MS024-2A,Genus_MS024-2A
root,Bacteroidota,Bacteroidia,Flavobacteriales,Flavobacteriaceae,MS024-2A,Genus_MS024-2A
root,Bacteroidota,Bacteroidia,Flavobacteriales,Flavobacteriaceae,Polaribacter,Genus_Polaribacter
root,Bacteroidota,Bacteroidia,Flavobacteriales,Flavobacteriaceae,Polaribacter,Genus_Polaribacter
root,Bacteroidota,Bacteroidia,Flavobacteriales,Flavobacteriaceae,SCGC-AAA160-P02,Genus_SCGC-AAA160-P02
root,Bacteroidota,Bacteroidia,Flavobacteriales,Flavobacteriaceae,SCGC-AAA160-P02,Genus_SCGC-AAA160-P02
root,Bacteroidota,Bacteroidia,Flavobacteriales,Flavobacteriaceae,SCGC-AAA160-P02,Genus_SCGC-AAA160-P02
root,Bacteroidota,Bacteroidia,Flavobacteriales,Cryomorphaceae,TMED14,Genus_TMED14
root,Bacteroidota,Bacteroidia,Flavobacteriales,Cryomorphaceae,TMED14,Genus_TMED14
root,Bacteroidota,Bacteroidia,Flavobacteriales,UA16,UA16,Genus_UA16
root,Bacteroidota,Bacteroidia,Flavobacteriales,UA16,UA16,Genus_UA16
root,Bacteroidota,Bacteroidia,Flavobacteriales,UA16,UA16,Genus_UA16
root,Bacteroidota,Bacteroidia,Flavobacteriales,UA16,UA16,Genus_UA16
root,Bacteroidota,Bacteroidia,Flavobacteriales,UA16,UA16,Genus_UA16
root,Bacteroidota,Bacteroidia,Flavobacteriales,UA16,UA16,Genus_UA16
root,Bacteroidota,Bacteroidia,Flavobacteriales,UA16,UA16,Genus_UA16
root,Bacteroidota,Bacteroidia,Flavobacteriales,UA16,UA16,UA16 sp002336085
root,Bacteroidota,Bacteroidia,Flavobacteriales,UA16,UA16,UA16 sp002336085
root,Bacteroidota,Bacteroidia,Flavobacteriales,UA16,UA16,UA16 sp002336085
root,Bacteroidota,Bacteroidia,Flavobacteriales,UA16,UA16,Genus_UA16
root,Bacteroidota,Bacteroidia,Flavobacteriales,UA16,UA16,Genus_UA16
root,Bacteroidota,Bacteroidia,Flavobacteriales,UA16,UA16,Genus_UA16
root,Bacteroidota,Bacteroidia,Flavobacteriales,Cryomorphaceae,UBA10364,Genus_UBA10364
root,Bacteroidota,Bacteroidia,Flavobacteriales,Cryomorphaceae,UBA10364,Genus_UBA10364
root,Bacteroidota,Bacteroidia,Flavobacteriales,Cryomorphaceae,UBA10364,UBA10364 sp002387615
root,Bacteroidota,Bacteroidia,Flavobacteriales,Cryomorphaceae,UBA10364,UBA10364 sp002387615
root,Bacteroidota,Bacteroidia,Flavobacteriales,Cryomorphaceae,UBA10364,Genus_UBA10364
root,Bacteroidota,Bacteroidia,Flavobacteriales,Cryomorphaceae,UBA10364,Genus_UBA10364
root,Bacteroidota,Bacteroidia,Flavobacteriales,Cryomorphaceae,UBA10364,Genus_UBA10364
root,Bacteroidota,Bacteroidia,Flavobacteriales,Cryomorphaceae,UBA10364,Genus_UBA10364
root,Bacteroidota,Bacteroidia,Flavobacteriales,Cryomorphaceae,UBA10364,Genus_UBA10364
root,Bacteroidota,Bacteroidia,Flavobacteriales,Cryomorphaceae,UBA10364,Genus_UBA10364
root,Bacteroidota,Bacteroidia,Flavobacteriales,UA16,UBA11663,Genus_UBA11663
root,Bacteroidota,Bacteroidia,Flavobacteriales,UA16,UBA11663,Genus_UBA11663
root,Bacteroidota,Bacteroidia,Flavobacteriales,UA16,UBA11663,Genus_UBA11663
root,Bacteroidota,Bacteroidia,Flavobacteriales,UA16,UBA11663,Genus_UBA11663
root,Bacteroidota,Bacteroidia,Flavobacteriales,UA16,UBA11663,Genus_UBA11663
root,Bacteroidota,Bacteroidia,Flavobacteriales,UA16,UBA11663,Genus_UBA11663
root,Bacteroidota,Bacteroidia,Flavobacteriales,Flavobacteriaceae,UBA3537,UBA3537 sp002684355
root,Bacteroidota,Bacteroidia,Flavobacteriales,Flavobacteriaceae,UBA3537,Genus_UBA3537
root,Bacteroidota,Bacteroidia,Flavobacteriales,Flavobacteriaceae,UBA3537,Genus_UBA3537
root,Bacteroidota,Bacteroidia,Flavobacteriales,Flavobacteriaceae,UBA3537,UBA3537 sp002684355
root,Bacteroidota,Bacteroidia,Flavobacteriales,Flavobacteriaceae,UBA3537,UBA3537 sp002684355
root,Bacteroidota,Bacteroidia,Flavobacteriales,Flavobacteriaceae,UBA3537,UBA3537 sp002684355
root,Bacteroidota,Bacteroidia,Flavobacteriales,Flavobacteriaceae,UBA3537,Genus_UBA3537
root,Bacteroidota,Bacteroidia,Flavobacteriales,Flavobacteriaceae,UBA3537,Genus_UBA3537
root,Bacteroidota,Bacteroidia,Flavobacteriales,Flavobacteriaceae,UBA3537,Genus_UBA3537
root,Bacteroidota,Bacteroidia,Flavobacteriales,Flavobacteriaceae,UBA3537,UBA3537 sp002684355
root,Bacteroidota,Bacteroidia,Flavobacteriales,Flavobacteriaceae,UBA3537,Genus_UBA3537
root,Bacteroidota,Bacteroidia,Flavobacteriales,Flavobacteriaceae,UBA3537,Genus_UBA3537
root,Bacteroidota,Bacteroidia,Flavobacteriales,Flavobacteriaceae,UBA3537,UBA3537 sp002684355
root,Bacteroidota,Bacteroidia,Flavobacteriales,Flavobacteriaceae,UBA3537,Genus_UBA3537
root,Bacteroidota,Bacteroidia,Flavobacteriales,Flavobacteriaceae,UBA3537,UBA3537 sp002709185
root,Bacteroidota,Bacteroidia,Flavobacteriales,Flavobacteriaceae,UBA3537,UBA3537 sp002725015
root,Bacteroidota,Bacteroidia,Flavobacteriales,Crocinitomicaceae,UBA4466,Genus_UBA4466
root,Bacteroidota,Bacteroidia,Flavobacteriales,Crocinitomicaceae,UBA4466,Genus_UBA4466
root,Bacteroidota,Bacteroidia,Flavobacteriales,Crocinitomicaceae,UBA4466,Genus_UBA4466
root,Bacteroidota,Bacteroidia,Flavobacteriales,Crocinitomicaceae,UBA4466,Genus_UBA4466
root,Bacteroidota,Bacteroidia,Flavobacteriales,Crocinitomicaceae,UBA4466,Genus_UBA4466
root,Bacteroidota,Bacteroidia,Flavobacteriales,Flavobacteriaceae,UBA7446,Genus_UBA7446
root,Bacteroidota,Bacteroidia,Flavobacteriales,Flavobacteriaceae,UBA7446,Genus_UBA7446
root,Bacteroidota,Bacteroidia,Flavobacteriales,Flavobacteriaceae,UBA7446,Genus_UBA7446
root,Bacteroidota,Bacteroidia,Flavobacteriales,Flavobacteriaceae,UBA7446,Genus_UBA7446
root,Bacteroidota,Bacteroidia,Flavobacteriales,Flavobacteriaceae,UBA7446,Genus_UBA7446
root,Bacteroidota,Bacteroidia,Flavobacteriales,Flavobacteriaceae,UBA7446,Genus_UBA7446
root,Bacteroidota,Bacteroidia,Flavobacteriales,Flavobacteriaceae,UBA7446,Genus_UBA7446
root,Bacteroidota,Bacteroidia,Flavobacteriales,Flavobacteriaceae,UBA7446,Genus_UBA7446
root,Bacteroidota,Bacteroidia,Flavobacteriales,Flavobacteriaceae,UBA7446,Genus_UBA7446
root,Bacteroidota,Bacteroidia,Flavobacteriales,Flavobacteriaceae,UBA7446,Genus_UBA7446
root,Bacteroidota,Bacteroidia,Flavobacteriales,Flavobacteriaceae,UBA7446,Genus_UBA7446
root,Bacteroidota,Bacteroidia,Flavobacteriales,Flavobacteriaceae,UBA7446,Genus_UBA7446
root,Bacteroidota,Bacteroidia,Flavobacteriales,Flavobacteriaceae,UBA7446,Genus_UBA7446
root,Bacteroidota,Bacteroidia,Flavobacteriales,Flavobacteriaceae,UBA7446,UBA7446 sp002862645
root,Bacteroidota,Bacteroidia,Flavobacteriales,Flavobacteriaceae,UBA7446,UBA7446 sp002862645
root,Bacteroidota,Bacteroidia,Flavobacteriales,Flavobacteriaceae,UBA7446,UBA7446 sp002862645
root,Bacteroidota,Bacteroidia,Flavobacteriales,Flavobacteriaceae,UBA7446,UBA7446 sp002862645
root,Bacteroidota,Bacteroidia,Flavobacteriales,Flavobacteriaceae,UBA7446,Genus_UBA7446
root,Bacteroidota,Bacteroidia,Flavobacteriales,Flavobacteriaceae,UBA8316,Genus_UBA8316
root,Bacteroidota,Bacteroidia,Flavobacteriales,Flavobacteriaceae,UBA8316,Genus_UBA8316
root,Bacteroidota,Bacteroidia,Flavobacteriales,Flavobacteriaceae,UBA8316,Genus_UBA8316
root,Bacteroidota,Bacteroidia,Flavobacteriales,Flavobacteriaceae,UBA8316,Genus_UBA8316
root,Bacteroidota,Bacteroidia,Flavobacteriales,Flavobacteriaceae,UBA8316,Genus_UBA8316
root,Bacteroidota,Bacteroidia,Flavobacteriales,Flavobacteriaceae,UBA8316,Genus_UBA8316
root,Bacteroidota,Bacteroidia,Flavobacteriales,Flavobacteriaceae,UBA8316,Genus_UBA8316
root,Bacteroidota,Bacteroidia,Flavobacteriales,Crocinitomicaceae,UBA952,Genus_UBA952
root,Bacteroidota,Bacteroidia,Flavobacteriales,Crocinitomicaceae,UBA952,Genus_UBA952
root,Bacteroidota,Bacteroidia,Flavobacteriales,Crocinitomicaceae,UBA952,Genus_UBA952
root,Bacteroidota,Bacteroidia,Flavobacteriales,UA16,UBA974,UBA974 sp002336655
root,Bacteroidota,Bacteroidia,Flavobacteriales,UA16,UBA974,UBA974 sp002336655
root,Bacteroidota,Bacteroidia,Flavobacteriales,UA16,UBA974,UBA974 sp002292405
root,Bacteroidota,Bacteroidia,Flavobacteriales,Flavobacteriaceae,Family_Flavobacteriaceae,Family_Flavobacteriaceae
root,Bacteroidota,Bacteroidia,Flavobacteriales,Flavobacteriaceae,Family_Flavobacteriaceae,Family_Flavobacteriaceae
root,Binatota,Binatia,UBA12015,UBA12015,UBA12015,UBA12015 sp003447545
root,Chloroflexota,Dehalococcoidia,UBA1151,Bin127,GCA-002725925,Genus_GCA-002725925
root,Chloroflexota,Dehalococcoidia,UBA1151,UBA1151,GCA-2730555,Genus_GCA-2730555
root,Chloroflexota,Dehalococcoidia,UBA1151,UBA1151,GCA-2730555,Genus_GCA-2730555
root,Chloroflexota,Dehalococcoidia,UBA1151,UBA1151,GCA-2730555,Genus_GCA-2730555
root,Chloroflexota,Dehalococcoidia,UBA1151,UBA1151,GCA-2730555,Genus_GCA-2730555
root,Chloroflexota,Dehalococcoidia,UBA1151,UBA1151,GCA-2730555,Genus_GCA-2730555
root,Chloroflexota,Dehalococcoidia,UBA1151,UBA1151,GCA-2730555,Genus_GCA-2730555
root,Chloroflexota,Dehalococcoidia,UBA1151,UBA1151,GCA-2730555,Genus_GCA-2730555
root,Chloroflexota,Dehalococcoidia,UBA1151,UBA1151,GCA-2730555,Genus_GCA-2730555
root,Chloroflexota,Dehalococcoidia,SAR202,UBA826,UBA11996,UBA11996 sp002708495
root,Chloroflexota,Dehalococcoidia,UBA2979,UBA2979,UBA2979,Genus_UBA2979
root,Chloroflexota,Dehalococcoidia,UBA2979,UBA2979,UBA2979,Genus_UBA2979
root,Chloroflexota,Dehalococcoidia,UBA2979,UBA2979,UBA2979,Genus_UBA2979
root,Chloroflexota,Dehalococcoidia,UBA3495,UBA3495,UBA9611,Genus_UBA9611
root,Chloroflexota,Dehalococcoidia,UBA3495,UBA3495,UBA9611,Genus_UBA9611
root,Chloroflexota,Dehalococcoidia,UBA3495,UBA3495,UBA9611,Genus_UBA9611
root,Chloroflexota,Dehalococcoidia,UBA3495,UBA3495,UBA9611,Genus_UBA9611
root,Chloroflexota,Dehalococcoidia,UBA3495,UBA3495,UBA9611,Genus_UBA9611
root,Chloroflexota,Dehalococcoidia,UBA3495,UBA3495,UBA9611,Genus_UBA9611
root,Chloroflexota,Dehalococcoidia,UBA3495,UBA3495,UBA9611,Genus_UBA9611
root,Chloroflexota,Dehalococcoidia,UBA3495,UBA3495,UBA9611,Genus_UBA9611
root,Chloroflexota,Dehalococcoidia,UBA3495,UBA3495,UBA9611,Genus_UBA9611
root,Chloroflexota,Dehalococcoidia,UBA3495,UBA3495,UBA9611,Genus_UBA9611
root,Chloroflexota,Dehalococcoidia,UBA3495,UBA3495,UBA9611,Genus_UBA9611
root,Chloroflexota,Dehalococcoidia,UBA3495,UBA3495,UBA9611,Genus_UBA9611
root,Chloroflexota,Dehalococcoidia,UBA3495,UBA3495,UBA9611,Genus_UBA9611
root,Chloroflexota,Dehalococcoidia,SAR202,Order_SAR202,Order_SAR202,Order_SAR202
root,Chloroflexota,Dehalococcoidia,SAR202,Order_SAR202,Order_SAR202,Order_SAR202
root,Chloroflexota,Dehalococcoidia,SAR202,Order_SAR202,Order_SAR202,Order_SAR202
root,Crenarchaeota,Nitrososphaeria,Nitrososphaerales,Nitrosopumilaceae,Nitrosopelagicus,Genus_Nitrosopelagicus
root,Crenarchaeota,Nitrososphaeria,Nitrososphaerales,Nitrosopumilaceae,Nitrosopelagicus,Genus_Nitrosopelagicus
root,Crenarchaeota,Nitrososphaeria,Nitrososphaerales,Nitrosopumilaceae,Nitrosopelagicus,Genus_Nitrosopelagicus
root,Crenarchaeota,Nitrososphaeria,Nitrososphaerales,Nitrosopumilaceae,Nitrosopelagicus,Genus_Nitrosopelagicus
root,Crenarchaeota,Nitrososphaeria,Nitrososphaerales,Nitrosopumilaceae,Nitrosopumilus,Nitrosopumilus sp002690535
root,Crenarchaeota,Nitrososphaeria,Nitrososphaerales,Nitrosopumilaceae,Nitrosopumilus,Nitrosopumilus sp002690535
root,Crenarchaeota,Nitrososphaeria,Nitrososphaerales,Nitrosopumilaceae,Nitrosopumilus,Nitrosopumilus sp002690535
root,Crenarchaeota,Nitrososphaeria,Nitrososphaerales,Nitrosopumilaceae,Nitrosopumilus,Nitrosopumilus sp002690535
root,Crenarchaeota,Nitrososphaeria,Nitrososphaerales,Nitrosopumilaceae,Nitrosopumilus,Nitrosopumilus sp002690535
root,Crenarchaeota,Nitrososphaeria,Nitrososphaerales,Nitrosopumilaceae,Nitrosopumilus,Nitrosopumilus sp002690535
root,Crenarchaeota,Nitrososphaeria,Nitrososphaerales,Nitrosopumilaceae,Nitrosopumilus,Nitrosopumilus sp002690535
root,Crenarchaeota,Nitrososphaeria,Nitrososphaerales,Nitrosopumilaceae,Nitrosopumilus,Nitrosopumilus sp002690535
root,Crenarchaeota,Nitrososphaeria,Nitrososphaerales,Nitrosopumilaceae,Nitrosopumilus,Nitrosopumilus sp002690535
root,Crenarchaeota,Nitrososphaeria,Nitrososphaerales,Nitrosopumilaceae,Nitrosopumilus,Nitrosopumilus sp002690535
root,Crenarchaeota,Nitrososphaeria,Nitrososphaerales,Nitrosopumilaceae,Nitrosopumilus,Nitrosopumilus sp002690535
root,Crenarchaeota,Nitrososphaeria,Nitrososphaerales,Nitrosopumilaceae,Nitrosopumilus,Nitrosopumilus sp002690535
root,Crenarchaeota,Nitrososphaeria,Nitrososphaerales,Nitrosopumilaceae,Nitrosopumilus,Nitrosopumilus sp002690535
root,Crenarchaeota,Nitrososphaeria,Nitrososphaerales,Nitrosopumilaceae,Nitrosopumilus,Nitrosopumilus sp002690535
root,Crenarchaeota,Nitrososphaeria,Nitrososphaerales,Nitrosopumilaceae,Nitrosopumilus,Nitrosopumilus sp002690535
root,Crenarchaeota,Nitrososphaeria,Nitrososphaerales,Nitrosopumilaceae,Nitrosopumilus,Genus_Nitrosopumilus
root,Crenarchaeota,Nitrososphaeria,Nitrososphaerales,Nitrosopumilaceae,Nitrosopumilus,Genus_Nitrosopumilus
root,Crenarchaeota,Nitrososphaeria,Nitrososphaerales,Nitrosopumilaceae,Nitrosopumilus,Genus_Nitrosopumilus
root,Crenarchaeota,Nitrososphaeria,Nitrososphaerales,Nitrosopumilaceae,Nitrosopumilus,Genus_Nitrosopumilus
root,Crenarchaeota,Nitrososphaeria,Nitrososphaerales,Nitrosopumilaceae,Nitrosopumilus,Genus_Nitrosopumilus
root,Crenarchaeota,Nitrososphaeria,Nitrososphaerales,Nitrosopumilaceae,Nitrosopumilus,Genus_Nitrosopumilus
root,Crenarchaeota,Nitrososphaeria,Nitrososphaerales,Nitrosopumilaceae,Nitrosopumilus,Genus_Nitrosopumilus
root,Crenarchaeota,Nitrososphaeria,Nitrososphaerales,UBA57,UBA57,UBA57 sp002494565
root,Cyanobacteria,Cyanobacteriia,Synechococcales,Cyanobiaceae,Synechococcus_C,Genus_Synechococcus_C
root,Cyanobacteria,Cyanobacteriia,Synechococcales,Cyanobiaceae,Synechococcus_C,Genus_Synechococcus_C
root,Cyanobacteria,Cyanobacteriia,Synechococcales,Cyanobiaceae,Synechococcus_C,Genus_Synechococcus_C
root,Cyanobacteria,Cyanobacteriia,Synechococcales,Cyanobiaceae,Synechococcus_C,Genus_Synechococcus_C
root,Cyanobacteria,Cyanobacteriia,Synechococcales,Cyanobiaceae,Synechococcus_C,Genus_Synechococcus_C
root,Cyanobacteria,Cyanobacteriia,Synechococcales,Cyanobiaceae,Synechococcus_C,Genus_Synechococcus_C
root,Cyanobacteria,Cyanobacteriia,Synechococcales,Cyanobiaceae,Synechococcus_C,Genus_Synechococcus_C
root,Cyanobacteria,Cyanobacteriia,Synechococcales,Cyanobiaceae,Synechococcus_C,Genus_Synechococcus_C
root,Cyanobacteria,Cyanobacteriia,Synechococcales,Cyanobiaceae,Synechococcus_C,Genus_Synechococcus_C
root,Cyanobacteria,Cyanobacteriia,Synechococcales,Cyanobiaceae,Synechococcus_C,Genus_Synechococcus_C
root,Cyanobacteria,Cyanobacteriia,Synechococcales,Cyanobiaceae,Synechococcus_C,Genus_Synechococcus_C
root,Cyanobacteria,Cyanobacteriia,Synechococcales,Cyanobiaceae,Synechococcus_C,Genus_Synechococcus_C
root,Cyanobacteria,Cyanobacteriia,Synechococcales,Cyanobiaceae,Synechococcus_C,Genus_Synechococcus_C
root,Cyanobacteria,Cyanobacteriia,Synechococcales,Cyanobiaceae,Synechococcus_C,Synechococcus_C sp002500205
root,Cyanobacteria,Cyanobacteriia,Synechococcales,Cyanobiaceae,Synechococcus_C,Synechococcus_C sp000012505
root,Cyanobacteria,Cyanobacteriia,Synechococcales,Cyanobiaceae,Synechococcus_C,Synechococcus_C sp000012505
root,Cyanobacteria,Cyanobacteriia,Synechococcales,Cyanobiaceae,Synechococcus_C,Synechococcus_C sp003208835
root,Cyanobacteria,Cyanobacteriia,Synechococcales,Cyanobiaceae,Synechococcus_C,Synechococcus_C sp003208835
root,Cyanobacteria,Cyanobacteriia,Synechococcales,Cyanobiaceae,Synechococcus_C,Synechococcus_C sp003208835
root,Cyanobacteria,Cyanobacteriia,Synechococcales,Cyanobiaceae,Synechococcus_C,Synechococcus_C sp003208835
root,Cyanobacteria,Cyanobacteriia,Synechococcales,Cyanobiaceae,Synechococcus_C,Synechococcus_C sp003208835
root,Cyanobacteria,Cyanobacteriia,Synechococcales,Cyanobiaceae,Synechococcus_C,Synechococcus_C sp003208835
root,Cyanobacteria,Cyanobacteriia,Synechococcales,Cyanobiaceae,Synechococcus_C,Synechococcus_C sp003208835
root,Cyanobacteria,Cyanobacteriia,Synechococcales,Cyanobiaceae,Synechococcus_C,Synechococcus_C sp003208835
root,Cyanobacteria,Cyanobacteriia,Synechococcales,Cyanobiaceae,Synechococcus_C,Synechococcus_C sp003208835
root,Cyanobacteria,Cyanobacteriia,Synechococcales,Cyanobiaceae,Synechococcus_C,Synechococcus_C sp003208835
root,Cyanobacteria,Cyanobacteriia,Synechococcales,Cyanobiaceae,Synechococcus_C,Synechococcus_C sp003208835
root,Cyanobacteria,Cyanobacteriia,Synechococcales,Cyanobiaceae,Synechococcus_C,Synechococcus_C sp003208835
root,Cyanobacteria,Cyanobacteriia,Synechococcales,Cyanobiaceae,Synechococcus_C,Synechococcus_C sp003208835
root,Cyanobacteria,Cyanobacteriia,Synechococcales,Cyanobiaceae,Synechococcus_C,Synechococcus_C sp003208835
root,Cyanobacteria,Cyanobacteriia,Synechococcales,Cyanobiaceae,Synechococcus_C,Synechococcus_C sp003208835
root,Cyanobacteria,Cyanobacteriia,Synechococcales,Cyanobiaceae,Synechococcus_C,Synechococcus_C sp003208835
root,Cyanobacteria,Cyanobacteriia,Synechococcales,Cyanobiaceae,Synechococcus_C,Synechococcus_C sp003208835
root,Cyanobacteria,Cyanobacteriia,Synechococcales,Cyanobiaceae,Synechococcus_C,Synechococcus_C sp003208835
root,Cyanobacteria,Cyanobacteriia,Synechococcales,Cyanobiaceae,Synechococcus_C,Synechococcus_C sp003208835
root,Cyanobacteria,Cyanobacteriia,Synechococcales,Cyanobiaceae,Synechococcus_C,Synechococcus_C sp003208835
root,Cyanobacteria,Cyanobacteriia,Synechococcales,Cyanobiaceae,Synechococcus_C,Synechococcus_C sp003208835
root,Cyanobacteria,Cyanobacteriia,Synechococcales,Cyanobiaceae,Synechococcus_C,Synechococcus_C sp003208835
root,Cyanobacteria,Cyanobacteriia,Synechococcales,Cyanobiaceae,Synechococcus_C,Synechococcus_C sp003208835
root,Cyanobacteria,Cyanobacteriia,Synechococcales,Cyanobiaceae,Synechococcus_C,Synechococcus_C sp003208835
root,Dadabacteria,UBA1144,UBA1144,UBA1144,TMED58,TMED58 sp002701865
root,Fibrobacterota,Fibrobacteria,Fibrobacterales,Order_Fibrobacterales,Order_Fibrobacterales,Order_Fibrobacterales
root,Gemmatimonadota,Gemmatimonadetes,SG8-23,UBA6960,GCA-2718595,Genus_GCA-2718595
root,Gemmatimonadota,Gemmatimonadetes,SG8-23,UBA6960,GCA-2718595,Genus_GCA-2718595
root,Gemmatimonadota,Gemmatimonadetes,SG8-23,UBA6960,GCA-2718595,Genus_GCA-2718595
root,Gemmatimonadota,Gemmatimonadetes,SG8-23,UBA6960,UBA2589,Genus_UBA2589
root,Gemmatimonadota,Gemmatimonadetes,SG8-23,UBA6960,UBA2589,Genus_UBA2589
root,Gemmatimonadota,Gemmatimonadetes,SG8-23,UBA6960,UBA2589,Genus_UBA2589
root,Gemmatimonadota,Gemmatimonadetes,SG8-23,UBA6960,UBA887,UBA887 sp002313925
root,Gemmatimonadota,Gemmatimonadetes,SG8-23,UBA6960,UBA887,UBA887 sp002313925
root,Gemmatimonadota,Gemmatimonadetes,SG8-23,UBA6960,UBA887,UBA887 sp002313925
root,Gemmatimonadota,Gemmatimonadetes,SG8-23,UBA6960,UBA887,UBA887 sp002313925
root,Marinisomatota,Marinisomatia,Marinisomatales,UBA1611,GCA-2722105,Genus_GCA-2722105
root,Myxococcota,UBA796,UBA796,UBA796,UBA796,Genus_UBA796
root,Myxococcota,UBA796,UBA796,UBA796,Family_UBA796,Family_UBA796
root,Myxococcota,UBA9042,UBA3505,UBA3505,Family_UBA3505,Family_UBA3505
root,Nitrospinota,Nitrospinia,Nitrospinales,Nitrospinaceae,UBA8687,Genus_UBA8687
root,Nitrospinota,Nitrospinia,Nitrospinales,Nitrospinaceae,UBA8687,Genus_UBA8687
root,Nitrospinota,Nitrospinia,Nitrospinales,Nitrospinaceae,UBA8687,Genus_UBA8687
root,Nitrospinota,Nitrospinia,Nitrospinales,Nitrospinaceae,UBA8687,Genus_UBA8687
root,Nitrospinota,Nitrospinia,Nitrospinales,Nitrospinaceae,UBA8687,Genus_UBA8687
root,Nitrospinota,Nitrospinia,Nitrospinales,Nitrospinaceae,UBA8687,Genus_UBA8687
root,Planctomycetota,Planctomycetes,Planctomycetales,Planctomycetaceae,Fuerstia,Genus_Fuerstia
root,Planctomycetota,Phycisphaerae,Phycisphaerales,SM1A02,GCA-002718515,Genus_GCA-002718515
root,Planctomycetota,UBA1135,UBA1135,GCA-002686595,GCA-2862085,Genus_GCA-2862085
root,Planctomycetota,Planctomycetes,Pirellulales,Pirellulaceae,Mariniblastus,Genus_Mariniblastus
root,Planctomycetota,Planctomycetes,Pirellulales,Pirellulaceae,Mariniblastus,Genus_Mariniblastus
root,Planctomycetota,Planctomycetes,Pirellulales,Pirellulaceae,Mariniblastus,Genus_Mariniblastus
root,Planctomycetota,Planctomycetes,Pirellulales,Pirellulaceae,Mariniblastus,Genus_Mariniblastus
root,Planctomycetota,Planctomycetes,Pirellulales,Pirellulaceae,Mariniblastus,Genus_Mariniblastus
root,Planctomycetota,Planctomycetes,Pirellulales,Pirellulaceae,Rubripirellula,Rubripirellula sp002862205
root,Planctomycetota,Planctomycetes,Pirellulales,Pirellulaceae,SAT2750,SAT2750 sp002708345
root,Planctomycetota,Phycisphaerae,Phycisphaerales,SM1A02,UBA12014,UBA12014 sp002690755
root,Planctomycetota,Planctomycetes,Pirellulales,Pirellulaceae,UBA721,UBA721 sp002705165
root,Planctomycetota,Phycisphaerae,Phycisphaerales,SM1A02,UBA8087,UBA8087 sp002684315
root,Planctomycetota,Phycisphaerae,Phycisphaerales,SM1A02,UBA8087,Genus_UBA8087
root,Planctomycetota,Planctomycetes,Planctomycetales,Planctomycetaceae,UBA8437,Genus_UBA8437
root,Planctomycetota,Planctomycetes,Planctomycetales,Planctomycetaceae,UBA8437,Genus_UBA8437
root,Planctomycetota,Planctomycetes,Planctomycetales,Planctomycetaceae,UBA8437,Genus_UBA8437
root,Planctomycetota,Planctomycetes,Planctomycetales,Planctomycetaceae,UBA8437,Genus_UBA8437
root,Planctomycetota,Planctomycetes,Planctomycetales,Planctomycetaceae,UBA8437,Genus_UBA8437
root,Planctomycetota,Planctomycetes,Planctomycetales,Planctomycetaceae,UBA8437,Genus_UBA8437
root,Planctomycetota,Planctomycetes,Pirellulales,Pirellulaceae,Family_Pirellulaceae,Family_Pirellulaceae
root,Planctomycetota,Planctomycetes,Pirellulales,Pirellulaceae,Family_Pirellulaceae,Family_Pirellulaceae
root,Proteobacteria,Gammaproteobacteria,SAR86,SAR86,AEGEAN-183,Genus_AEGEAN-183
root,Proteobacteria,Gammaproteobacteria,SAR86,AG-339-G14,AG-339-G14,Genus_AG-339-G14
root,Proteobacteria,Gammaproteobacteria,Pseudomonadales,Alcanivoracaceae,Alcanivorax,Alcanivorax sp002354605
root,Proteobacteria,Gammaproteobacteria,Pseudomonadales,Alcanivoracaceae,Alcanivorax,Alcanivorax sp002354605
root,Proteobacteria,Gammaproteobacteria,Pseudomonadales,Alcanivoracaceae,Alcanivorax,Alcanivorax sp002354605
root,Proteobacteria,Alphaproteobacteria,Rhodobacterales,Rhodobacteraceae,Amylibacter_A,Genus_Amylibacter_A
root,Proteobacteria,Alphaproteobacteria,Rhodobacterales,Rhodobacteraceae,Amylibacter_A,Genus_Amylibacter_A
root,Proteobacteria,Alphaproteobacteria,Rhodobacterales,Rhodobacteraceae,Amylibacter_A,Amylibacter_A sp900197625
root,Proteobacteria,Alphaproteobacteria,Rhodobacterales,Rhodobacteraceae,Amylibacter_A,Amylibacter_A sp900197625
root,Proteobacteria,Alphaproteobacteria,Rhodobacterales,Rhodobacteraceae,Amylibacter_A,Amylibacter_A sp900197625
root,Proteobacteria,Alphaproteobacteria,Rhodobacterales,Rhodobacteraceae,Amylibacter_A,Amylibacter_A sp900197625
root,Proteobacteria,Alphaproteobacteria,Rhodobacterales,Rhodobacteraceae,Amylibacter_A,Amylibacter_A sp900197625
root,Proteobacteria,Alphaproteobacteria,Rhodobacterales,Rhodobacteraceae,Amylibacter_A,Amylibacter_A sp900197625
root,Proteobacteria,Alphaproteobacteria,Rhodobacterales,Rhodobacteraceae,Amylibacter_A,Amylibacter_A sp900197625
root,Proteobacteria,Alphaproteobacteria,Rhodobacterales,Rhodobacteraceae,Amylibacter_A,Amylibacter_A sp900197625
root,Proteobacteria,Alphaproteobacteria,Rhodobacterales,Rhodobacteraceae,Amylibacter_A,Amylibacter_A sp900197625
root,Proteobacteria,Alphaproteobacteria,Rhodobacterales,Rhodobacteraceae,Amylibacter_A,Amylibacter_A sp000153745
root,Proteobacteria,Alphaproteobacteria,Rhodobacterales,Rhodobacteraceae,Amylibacter_A,Amylibacter_A sp000153745
root,Proteobacteria,Gammaproteobacteria,Burkholderiales,Methylophilaceae,BACL14,Genus_BACL14
root,Proteobacteria,Gammaproteobacteria,Burkholderiales,Methylophilaceae,BACL14,Genus_BACL14
root,Proteobacteria,Alphaproteobacteria,Rhizobiales,Xanthobacteraceae,Bradyrhizobium,Genus_Bradyrhizobium
root,Proteobacteria,Gammaproteobacteria,SAR86,D2472,D2472,Genus_D2472
root,Proteobacteria,Gammaproteobacteria,SAR86,D2472,D2472,Genus_D2472
root,Proteobacteria,Gammaproteobacteria,SAR86,D2472,D2472,Genus_D2472
root,Proteobacteria,Gammaproteobacteria,SAR86,D2472,D2472,Genus_D2472
root,Proteobacteria,Gammaproteobacteria,SAR86,D2472,D2472,Genus_D2472
root,Proteobacteria,Gammaproteobacteria,SAR86,D2472,D2472,Genus_D2472
root,Proteobacteria,Gammaproteobacteria,SAR86,D2472,D2472,Genus_D2472
root,Proteobacteria,Gammaproteobacteria,SAR86,D2472,D2472,Genus_D2472
root,Proteobacteria,Gammaproteobacteria,SAR86,D2472,D2472,Genus_D2472
root,Proteobacteria,Gammaproteobacteria,SAR86,D2472,D2472,Genus_D2472
root,Proteobacteria,Gammaproteobacteria,SAR86,D2472,D2472,Genus_D2472
root,Proteobacteria,Gammaproteobacteria,SAR86,D2472,D2472,Genus_D2472
root,Proteobacteria,Gammaproteobacteria,SAR86,D2472,D2472,Genus_D2472
root,Proteobacteria,Gammaproteobacteria,SAR86,D2472,D2472,Genus_D2472
root,Proteobacteria,Gammaproteobacteria,SAR86,D2472,D2472,Genus_D2472
root,Proteobacteria,Gammaproteobacteria,SAR86,D2472,D2472,Genus_D2472
root,Proteobacteria,Gammaproteobacteria,SAR86,D2472,D2472,Genus_D2472
root,Proteobacteria,Gammaproteobacteria,SAR86,D2472,D2472,Genus_D2472
root,Proteobacteria,Alphaproteobacteria,Sphingomonadales,Sphingomonadaceae,Erythrobacter_A,Erythrobacter_A citreus
root,Proteobacteria,Alphaproteobacteria,UBA8366,UBA8366,GCA-002724395,Genus_GCA-002724395
root,Proteobacteria,Alphaproteobacteria,UBA8366,UBA8366,GCA-002724395,Genus_GCA-002724395
root,Proteobacteria,Gammaproteobacteria,Pseudomonadales,HTCC2089,GCA-002727775,Genus_GCA-002727775
root,Proteobacteria,Gammaproteobacteria,Pseudomonadales,HTCC2089,GCA-002727775,Genus_GCA-002727775
root,Proteobacteria,Gammaproteobacteria,Woeseiales,Woeseiaceae,GCA-002728725,Genus_GCA-002728725
root,Proteobacteria,Gammaproteobacteria,Woeseiales,Woeseiaceae,GCA-002728725,Genus_GCA-002728725
root,Proteobacteria,Gammaproteobacteria,Woeseiales,Woeseiaceae,GCA-002728725,Genus_GCA-002728725
root,Proteobacteria,Gammaproteobacteria,Woeseiales,Woeseiaceae,GCA-002728725,Genus_GCA-002728725
root,Proteobacteria,Gammaproteobacteria,Woeseiales,Woeseiaceae,GCA-002728725,Genus_GCA-002728725
root,Proteobacteria,Gammaproteobacteria,Woeseiales,Woeseiaceae,GCA-002728725,Genus_GCA-002728725
root,Proteobacteria,Gammaproteobacteria,Woeseiales,Woeseiaceae,GCA-002728725,Genus_GCA-002728725
root,Proteobacteria,Alphaproteobacteria,TMED109,TMED109,GCA-2684605,GCA-2684605 sp002684605
root,Proteobacteria,Gammaproteobacteria,Woeseiales,Woeseiaceae,GCA-2685275,Genus_GCA-2685275
root,Proteobacteria,Alphaproteobacteria,Defluviicoccales,UBA830,GCA-2689465,Genus_GCA-2689465
root,Proteobacteria,Alphaproteobacteria,Defluviicoccales,UBA830,GCA-2689465,Genus_GCA-2689465
root,Proteobacteria,Alphaproteobacteria,Rhodobacterales,Rhodobacteraceae,GCA-2697345,Genus_GCA-2697345
root,Proteobacteria,Gammaproteobacteria,SAR86,SAR86,GCA-2707915,Genus_GCA-2707915
root,Proteobacteria,Gammaproteobacteria,SAR86,SAR86,GCA-2707915,Genus_GCA-2707915
root,Proteobacteria,Gammaproteobacteria,SAR86,SAR86,GCA-2707915,Genus_GCA-2707915
root,Proteobacteria,Gammaproteobacteria,SAR86,SAR86,GCA-2707915,Genus_GCA-2707915
root,Proteobacteria,Gammaproteobacteria,SAR86,SAR86,GCA-2707915,Genus_GCA-2707915
root,Proteobacteria,Gammaproteobacteria,SAR86,SAR86,GCA-2707915,Genus_GCA-2707915
root,Proteobacteria,Gammaproteobacteria,SAR86,SAR86,GCA-2707915,Genus_GCA-2707915
root,Proteobacteria,Gammaproteobacteria,SAR86,SAR86,GCA-2707915,Genus_GCA-2707915
root,Proteobacteria,Gammaproteobacteria,SAR86,SAR86,GCA-2707915,Genus_GCA-2707915
root,Proteobacteria,Gammaproteobacteria,SAR86,SAR86,GCA-2707915,Genus_GCA-2707915
root,Proteobacteria,Gammaproteobacteria,SAR86,SAR86,GCA-2707915,Genus_GCA-2707915
root,Proteobacteria,Gammaproteobacteria,SAR86,SAR86,GCA-2707915,Genus_GCA-2707915
root,Proteobacteria,Gammaproteobacteria,Pseudomonadales,Halomonadaceae,Halomonas,Halomonas aquamarina
root,Proteobacteria,Gammaproteobacteria,Pseudomonadales,Halomonadaceae,Halomonas,Halomonas aquamarina
root,Proteobacteria,Alphaproteobacteria,Caulobacterales,Maricaulaceae,Hellea,Genus_Hellea
root,Proteobacteria,Alphaproteobacteria,Caulobacterales,Maricaulaceae,Hellea,Genus_Hellea
root,Proteobacteria,Alphaproteobacteria,Caulobacterales,Maricaulaceae,Hellea,Genus_Hellea
root,Proteobacteria,Alphaproteobacteria,Caulobacterales,Maricaulaceae,Hellea,Genus_Hellea
root,Proteobacteria,Alphaproteobacteria,Rhodobacterales,Rhodobacteraceae,HIMB11,Genus_HIMB11
root,Proteobacteria,Alphaproteobacteria,Rhodobacterales,Rhodobacteraceae,HIMB11,Genus_HIMB11
root,Proteobacteria,Alphaproteobacteria,Rhodobacterales,Rhodobacteraceae,HIMB11,Genus_HIMB11
root,Proteobacteria,Alphaproteobacteria,Rhodobacterales,Rhodobacteraceae,HIMB11,Genus_HIMB11
root,Proteobacteria,Alphaproteobacteria,Rhodobacterales,Rhodobacteraceae,HIMB11,Genus_HIMB11
root,Proteobacteria,Alphaproteobacteria,Rhodobacterales,Rhodobacteraceae,HIMB11,Genus_HIMB11
root,Proteobacteria,Alphaproteobacteria,Rhodobacterales,Rhodobacteraceae,HIMB11,Genus_HIMB11
root,Proteobacteria,Alphaproteobacteria,Rhodobacterales,Rhodobacteraceae,HIMB11,Genus_HIMB11
root,Proteobacteria,Alphaproteobacteria,Rhodobacterales,Rhodobacteraceae,HIMB11,Genus_HIMB11
root,Proteobacteria,Alphaproteobacteria,Rhodobacterales,Rhodobacteraceae,HIMB11,Genus_HIMB11
root,Proteobacteria,Alphaproteobacteria,Rhodobacterales,Rhodobacteraceae,HIMB11,Genus_HIMB11
root,Proteobacteria,Alphaproteobacteria,Rhodobacterales,Rhodobacteraceae,HIMB11,HIMB11 sp002457115
root,Proteobacteria,Alphaproteobacteria,Rhodobacterales,Rhodobacteraceae,HIMB11,HIMB11 sp002711145
root,Proteobacteria,Alphaproteobacteria,Rhodobacterales,Rhodobacteraceae,HIMB11,HIMB11 sp002457115
root,Proteobacteria,Alphaproteobacteria,Rhodobacterales,Rhodobacteraceae,HIMB11,HIMB11 sp002457115
root,Proteobacteria,Alphaproteobacteria,Rhodobacterales,Rhodobacteraceae,HIMB11,Genus_HIMB11
root,Proteobacteria,Alphaproteobacteria,Rhodobacterales,Rhodobacteraceae,HIMB11,Genus_HIMB11
root,Proteobacteria,Alphaproteobacteria,Rhodobacterales,Rhodobacteraceae,HIMB11,Genus_HIMB11
root,Proteobacteria,Alphaproteobacteria,Rhodobacterales,Rhodobacteraceae,HIMB11,Genus_HIMB11
root,Proteobacteria,Alphaproteobacteria,Rhodobacterales,Rhodobacteraceae,HIMB11,Genus_HIMB11
root,Proteobacteria,Alphaproteobacteria,Rhodobacterales,Rhodobacteraceae,HIMB11,Genus_HIMB11
root,Proteobacteria,Alphaproteobacteria,Rhodobacterales,Rhodobacteraceae,HIMB11,Genus_HIMB11
root,Proteobacteria,Alphaproteobacteria,Rhodobacterales,Rhodobacteraceae,HIMB11,Genus_HIMB11
root,Proteobacteria,Alphaproteobacteria,Rhodobacterales,Rhodobacteraceae,HIMB11,Genus_HIMB11
root,Proteobacteria,Alphaproteobacteria,Rhodobacterales,Rhodobacteraceae,HIMB11,Genus_HIMB11
root,Proteobacteria,Alphaproteobacteria,Rhodobacterales,Rhodobacteraceae,HIMB11,Genus_HIMB11
root,Proteobacteria,Alphaproteobacteria,Rhodobacterales,Rhodobacteraceae,HIMB11,Genus_HIMB11
root,Proteobacteria,Alphaproteobacteria,Rhodobacterales,Rhodobacteraceae,HIMB11,Genus_HIMB11
root,Proteobacteria,Alphaproteobacteria,Rhodobacterales,Rhodobacteraceae,HIMB11,Genus_HIMB11
root,Proteobacteria,Alphaproteobacteria,Rhodobacterales,Rhodobacteraceae,HIMB11,Genus_HIMB11
root,Proteobacteria,Alphaproteobacteria,Rhodobacterales,Rhodobacteraceae,HIMB11,Genus_HIMB11
root,Proteobacteria,Alphaproteobacteria,Rhodobacterales,Rhodobacteraceae,HIMB11,Genus_HIMB11
root,Proteobacteria,Alphaproteobacteria,Rhodobacterales,Rhodobacteraceae,HIMB11,Genus_HIMB11
root,Proteobacteria,Alphaproteobacteria,Rhodobacterales,Rhodobacteraceae,HIMB11,Genus_HIMB11
root,Proteobacteria,Alphaproteobacteria,Rhodobacterales,Rhodobacteraceae,HIMB11,HIMB11 sp002336405
root,Proteobacteria,Alphaproteobacteria,Rhodobacterales,Rhodobacteraceae,HIMB11,HIMB11 sp002336405
root,Proteobacteria,Alphaproteobacteria,Rhodobacterales,Rhodobacteraceae,HIMB11,HIMB11 sp002336405
root,Proteobacteria,Alphaproteobacteria,Rhodobacterales,Rhodobacteraceae,HIMB11,HIMB11 sp002684375
root,Proteobacteria,Alphaproteobacteria,Rhodobacterales,Rhodobacteraceae,HIMB11,HIMB11 sp002684375
root,Proteobacteria,Alphaproteobacteria,Rhodobacterales,Rhodobacteraceae,HIMB11,HIMB11 sp002684375
root,Proteobacteria,Alphaproteobacteria,Rhodobacterales,Rhodobacteraceae,HIMB11,HIMB11 sp002684375
root,Proteobacteria,Alphaproteobacteria,Rhodobacterales,Rhodobacteraceae,HIMB11,HIMB11 sp002684375
root,Proteobacteria,Alphaproteobacteria,Rhodobacterales,Rhodobacteraceae,HIMB11,HIMB11 sp002684375
root,Proteobacteria,Alphaproteobacteria,Rhodobacterales,Rhodobacteraceae,HIMB11,HIMB11 sp002684375
root,Proteobacteria,Alphaproteobacteria,Rhodobacterales,Rhodobacteraceae,HIMB11,HIMB11 sp002684375
root,Proteobacteria,Alphaproteobacteria,Rhodobacterales,Rhodobacteraceae,HIMB11,HIMB11 sp002684375
root,Proteobacteria,Alphaproteobacteria,Rhodobacterales,Rhodobacteraceae,HIMB11,HIMB11 sp002684375
root,Proteobacteria,Alphaproteobacteria,Rhodobacterales,Rhodobacteraceae,HIMB11,HIMB11 sp001642945
root,Proteobacteria,Alphaproteobacteria,Rhodobacterales,Rhodobacteraceae,HIMB11,HIMB11 sp001642945
root,Proteobacteria,Alphaproteobacteria,Rhodobacterales,Rhodobacteraceae,HIMB11,HIMB11 sp001642945
root,Proteobacteria,Alphaproteobacteria,Rhodobacterales,Rhodobacteraceae,HIMB11,HIMB11 sp001642945
root,Proteobacteria,Alphaproteobacteria,Rhodobacterales,Rhodobacteraceae,HIMB11,HIMB11 sp001642945
root,Proteobacteria,Alphaproteobacteria,Rhodobacterales,Rhodobacteraceae,HIMB11,HIMB11 sp001642945
root,Proteobacteria,Alphaproteobacteria,Rhodobacterales,Rhodobacteraceae,HIMB11,HIMB11 sp001642945
root,Proteobacteria,Alphaproteobacteria,Rhodobacterales,Rhodobacteraceae,HIMB11,HIMB11 sp001642945
root,Proteobacteria,Alphaproteobacteria,Rhodobacterales,Rhodobacteraceae,HIMB11,HIMB11 sp001642945
root,Proteobacteria,Gammaproteobacteria,Pseudomonadales,Porticoccaceae,HTCC2207,HTCC2207 sp002685195
root,Proteobacteria,Gammaproteobacteria,Pseudomonadales,Porticoccaceae,HTCC2207,HTCC2207 sp002685195
root,Proteobacteria,Gammaproteobacteria,Pseudomonadales,Porticoccaceae,HTCC2207,HTCC2207 sp002685195
root,Proteobacteria,Gammaproteobacteria,Pseudomonadales,Porticoccaceae,HTCC2207,HTCC2207 sp002457245
root,Proteobacteria,Gammaproteobacteria,Pseudomonadales,Porticoccaceae,HTCC2207,HTCC2207 sp002457245
root,Proteobacteria,Gammaproteobacteria,Pseudomonadales,Porticoccaceae,HTCC2207,HTCC2207 sp002457245
root,Proteobacteria,Gammaproteobacteria,Pseudomonadales,Porticoccaceae,HTCC2207,HTCC2207 sp002457245
root,Proteobacteria,Gammaproteobacteria,Pseudomonadales,Porticoccaceae,HTCC2207,HTCC2207 sp002457245
root,Proteobacteria,Gammaproteobacteria,Pseudomonadales,Porticoccaceae,HTCC2207,HTCC2207 sp002457245
root,Proteobacteria,Gammaproteobacteria,Pseudomonadales,Porticoccaceae,HTCC2207,HTCC2207 sp002457245
root,Proteobacteria,Gammaproteobacteria,Pseudomonadales,Porticoccaceae,HTCC2207,HTCC2207 sp002457245
root,Proteobacteria,Gammaproteobacteria,Pseudomonadales,Porticoccaceae,HTCC2207,HTCC2207 sp002457245
root,Proteobacteria,Gammaproteobacteria,Pseudomonadales,Porticoccaceae,HTCC2207,HTCC2207 sp002457245
root,Proteobacteria,Gammaproteobacteria,Pseudomonadales,Porticoccaceae,HTCC2207,HTCC2207 sp002457245
root,Proteobacteria,Gammaproteobacteria,Pseudomonadales,Porticoccaceae,HTCC2207,HTCC2207 sp002457245
root,Proteobacteria,Gammaproteobacteria,Pseudomonadales,Porticoccaceae,HTCC2207,HTCC2207 sp002457245
root,Proteobacteria,Gammaproteobacteria,Pseudomonadales,Porticoccaceae,HTCC2207,HTCC2207 sp002457245
root,Proteobacteria,Gammaproteobacteria,Pseudomonadales,Porticoccaceae,HTCC2207,HTCC2207 sp002457245
root,Proteobacteria,Gammaproteobacteria,Pseudomonadales,Porticoccaceae,HTCC2207,HTCC2207 sp002457245
root,Proteobacteria,Gammaproteobacteria,Pseudomonadales,Porticoccaceae,HTCC2207,HTCC2207 sp002457245
root,Proteobacteria,Gammaproteobacteria,Pseudomonadales,Porticoccaceae,HTCC2207,Genus_HTCC2207
root,Proteobacteria,Gammaproteobacteria,Pseudomonadales,Porticoccaceae,HTCC2207,Genus_HTCC2207
root,Proteobacteria,Gammaproteobacteria,Pseudomonadales,Porticoccaceae,HTCC2207,Genus_HTCC2207
root,Proteobacteria,Gammaproteobacteria,Pseudomonadales,Porticoccaceae,HTCC2207,Genus_HTCC2207
root,Proteobacteria,Gammaproteobacteria,Pseudomonadales,Porticoccaceae,HTCC2207,Genus_HTCC2207
root,Proteobacteria,Gammaproteobacteria,Pseudomonadales,Porticoccaceae,HTCC2207,Genus_HTCC2207
root,Proteobacteria,Gammaproteobacteria,Pseudomonadales,Porticoccaceae,HTCC2207,Genus_HTCC2207
root,Proteobacteria,Gammaproteobacteria,Pseudomonadales,Porticoccaceae,HTCC2207,Genus_HTCC2207
root,Proteobacteria,Gammaproteobacteria,Pseudomonadales,Porticoccaceae,HTCC2207,Genus_HTCC2207
root,Proteobacteria,Gammaproteobacteria,Pseudomonadales,Porticoccaceae,HTCC2207,Genus_HTCC2207
root,Proteobacteria,Gammaproteobacteria,Pseudomonadales,Porticoccaceae,HTCC2207,Genus_HTCC2207
root,Proteobacteria,Gammaproteobacteria,Pseudomonadales,Porticoccaceae,HTCC2207,Genus_HTCC2207
root,Proteobacteria,Gammaproteobacteria,Pseudomonadales,Porticoccaceae,HTCC2207,Genus_HTCC2207
root,Proteobacteria,Gammaproteobacteria,Pseudomonadales,Porticoccaceae,HTCC2207,Genus_HTCC2207
root,Proteobacteria,Gammaproteobacteria,Pseudomonadales,Porticoccaceae,HTCC2207,Genus_HTCC2207
root,Proteobacteria,Gammaproteobacteria,Pseudomonadales,Porticoccaceae,HTCC2207,Genus_HTCC2207
root,Proteobacteria,Gammaproteobacteria,Pseudomonadales,Porticoccaceae,HTCC2207,Genus_HTCC2207
root,Proteobacteria,Gammaproteobacteria,Pseudomonadales,Porticoccaceae,HTCC2207,Genus_HTCC2207
root,Proteobacteria,Gammaproteobacteria,Pseudomonadales,Porticoccaceae,HTCC2207,Genus_HTCC2207
root,Proteobacteria,Gammaproteobacteria,Pseudomonadales,Porticoccaceae,HTCC2207,Genus_HTCC2207
root,Proteobacteria,Gammaproteobacteria,Pseudomonadales,Porticoccaceae,HTCC2207,Genus_HTCC2207
root,Proteobacteria,Gammaproteobacteria,Pseudomonadales,Porticoccaceae,HTCC2207,Genus_HTCC2207
root,Proteobacteria,Gammaproteobacteria,Pseudomonadales,Porticoccaceae,HTCC2207,Genus_HTCC2207
root,Proteobacteria,Gammaproteobacteria,Pseudomonadales,Halieaceae,Luminiphilus,Genus_Luminiphilus
root,Proteobacteria,Gammaproteobacteria,Pseudomonadales,Halieaceae,Luminiphilus,Genus_Luminiphilus
root,Proteobacteria,Gammaproteobacteria,Pseudomonadales,Halieaceae,Luminiphilus,Genus_Luminiphilus
root,Proteobacteria,Gammaproteobacteria,Pseudomonadales,Halieaceae,Luminiphilus,Genus_Luminiphilus
root,Proteobacteria,Gammaproteobacteria,Pseudomonadales,Halieaceae,Luminiphilus,Genus_Luminiphilus
root,Proteobacteria,Gammaproteobacteria,Pseudomonadales,Halieaceae,Luminiphilus,Genus_Luminiphilus
root,Proteobacteria,Gammaproteobacteria,Pseudomonadales,Halieaceae,Luminiphilus,Genus_Luminiphilus
root,Proteobacteria,Gammaproteobacteria,Pseudomonadales,Halieaceae,Luminiphilus,Genus_Luminiphilus
root,Proteobacteria,Gammaproteobacteria,Pseudomonadales,Halieaceae,Luminiphilus,Genus_Luminiphilus
root,Proteobacteria,Gammaproteobacteria,Pseudomonadales,Halieaceae,Luminiphilus,Genus_Luminiphilus
root,Proteobacteria,Gammaproteobacteria,Pseudomonadales,Halieaceae,Luminiphilus,Genus_Luminiphilus
root,Proteobacteria,Gammaproteobacteria,Pseudomonadales,Halieaceae,Luminiphilus,Genus_Luminiphilus
root,Proteobacteria,Gammaproteobacteria,Pseudomonadales,Halieaceae,Luminiphilus,Genus_Luminiphilus
root,Proteobacteria,Gammaproteobacteria,Pseudomonadales,Halieaceae,Luminiphilus,Genus_Luminiphilus
root,Proteobacteria,Gammaproteobacteria,Pseudomonadales,Halieaceae,Luminiphilus,Genus_Luminiphilus
root,Proteobacteria,Gammaproteobacteria,Pseudomonadales,Halieaceae,Luminiphilus,Genus_Luminiphilus
root,Proteobacteria,Gammaproteobacteria,Pseudomonadales,Halieaceae,Luminiphilus,Genus_Luminiphilus
root,Proteobacteria,Gammaproteobacteria,Pseudomonadales,Halieaceae,Luminiphilus,Genus_Luminiphilus
root,Proteobacteria,Gammaproteobacteria,Pseudomonadales,Halieaceae,Luminiphilus,Genus_Luminiphilus
root,Proteobacteria,Gammaproteobacteria,Pseudomonadales,Halieaceae,Luminiphilus,Genus_Luminiphilus
root,Proteobacteria,Gammaproteobacteria,Pseudomonadales,Halieaceae,Luminiphilus,Genus_Luminiphilus
root,Proteobacteria,Gammaproteobacteria,Pseudomonadales,Halieaceae,Luminiphilus,Genus_Luminiphilus
root,Proteobacteria,Gammaproteobacteria,Pseudomonadales,Halieaceae,Luminiphilus,Genus_Luminiphilus
root,Proteobacteria,Gammaproteobacteria,Pseudomonadales,Halieaceae,Luminiphilus,Luminiphilus sp002683395
root,Proteobacteria,Gammaproteobacteria,Pseudomonadales,Halieaceae,Luminiphilus,Luminiphilus sp002683395
root,Proteobacteria,Gammaproteobacteria,Pseudomonadales,Halieaceae,Luminiphilus,Luminiphilus sp002683395
root,Proteobacteria,Gammaproteobacteria,Pseudomonadales,Halieaceae,Luminiphilus,Luminiphilus sp002683395
root,Proteobacteria,Gammaproteobacteria,Pseudomonadales,Halieaceae,Luminiphilus,Luminiphilus sp002683395
root,Proteobacteria,Gammaproteobacteria,Pseudomonadales,Halieaceae,Luminiphilus,Luminiphilus sp002683395
root,Proteobacteria,Gammaproteobacteria,Pseudomonadales,Halieaceae,Luminiphilus,Luminiphilus sp002683395
root,Proteobacteria,Gammaproteobacteria,Pseudomonadales,Halieaceae,Luminiphilus,Genus_Luminiphilus
root,Proteobacteria,Gammaproteobacteria,Pseudomonadales,Oleiphilaceae,Marinobacter,Marinobacter manganoxydans
root,Proteobacteria,Gammaproteobacteria,Pseudomonadales,Oleiphilaceae,Marinobacter,Genus_Marinobacter
root,Proteobacteria,Alphaproteobacteria,Rhizobiales,TMED25,MED-G09,Genus_MED-G09
root,Proteobacteria,Alphaproteobacteria,Rhizobiales,TMED25,MED-G09,Genus_MED-G09
root,Proteobacteria,Alphaproteobacteria,Rhizobiales,TMED25,MED-G09,Genus_MED-G09
root,Proteobacteria,Alphaproteobacteria,Rhizobiales,TMED25,MED-G09,Genus_MED-G09
root,Proteobacteria,Alphaproteobacteria,Rhizobiales,TMED25,MED-G09,MED-G09 sp002704345
root,Proteobacteria,Alphaproteobacteria,Rhizobiales,TMED25,MED-G09,MED-G09 sp002704345
root,Proteobacteria,Alphaproteobacteria,Rhizobiales,TMED25,MED-G09,MED-G09 sp002704345
root,Proteobacteria,Alphaproteobacteria,Rhizobiales,TMED25,MED-G09,MED-G09 sp002704345
root,Proteobacteria,Alphaproteobacteria,Rhizobiales,TMED25,MED-G09,MED-G09 sp002704345
root,Proteobacteria,Alphaproteobacteria,Rhizobiales,TMED25,MED-G09,MED-G09 sp002704345
root,Proteobacteria,Gammaproteobacteria,Pseudomonadales,Pseudohongiellaceae,OM182,Genus_OM182
root,Proteobacteria,Gammaproteobacteria,Pseudomonadales,Pseudohongiellaceae,OM182,Genus_OM182
root,Proteobacteria,Gammaproteobacteria,Pseudomonadales,Pseudohongiellaceae,OM182,Genus_OM182
root,Proteobacteria,Gammaproteobacteria,Pseudomonadales,Pseudohongiellaceae,OM182,Genus_OM182
root,Proteobacteria,Gammaproteobacteria,Pseudomonadales,Pseudohongiellaceae,OM182,Genus_OM182
root,Proteobacteria,Gammaproteobacteria,Burkholderiales,Burkholderiaceae,Pelomonas,Genus_Pelomonas
root,Proteobacteria,Alphaproteobacteria,Rhodobacterales,Rhodobacteraceae,Planktomarina,Genus_Planktomarina
root,Proteobacteria,Alphaproteobacteria,Rhodobacterales,Rhodobacteraceae,Planktomarina,Genus_Planktomarina
root,Proteobacteria,Alphaproteobacteria,Rhodobacterales,Rhodobacteraceae,Planktomarina,Genus_Planktomarina
root,Proteobacteria,Alphaproteobacteria,Rhodobacterales,Rhodobacteraceae,Planktomarina,Genus_Planktomarina
root,Proteobacteria,Alphaproteobacteria,Rhodobacterales,Rhodobacteraceae,Planktomarina,Genus_Planktomarina
root,Proteobacteria,Alphaproteobacteria,Rhodobacterales,Rhodobacteraceae,Planktomarina,Planktomarina sp002698165
root,Proteobacteria,Alphaproteobacteria,Rhodobacterales,Rhodobacteraceae,Planktomarina,Genus_Planktomarina
root,Proteobacteria,Alphaproteobacteria,Rhodobacterales,Rhodobacteraceae,Planktomarina,Genus_Planktomarina
root,Proteobacteria,Alphaproteobacteria,Rhodobacterales,Rhodobacteraceae,Planktomarina,Genus_Planktomarina
root,Proteobacteria,Alphaproteobacteria,Rhodobacterales,Rhodobacteraceae,Planktomarina,Genus_Planktomarina
root,Proteobacteria,Alphaproteobacteria,Rhodobacterales,Rhodobacteraceae,Planktomarina,Genus_Planktomarina
root,Proteobacteria,Alphaproteobacteria,Rhodobacterales,Rhodobacteraceae,Planktomarina,Genus_Planktomarina
root,Proteobacteria,Alphaproteobacteria,Rhodobacterales,Rhodobacteraceae,Planktomarina,Genus_Planktomarina
root,Proteobacteria,Alphaproteobacteria,Rhodobacterales,Rhodobacteraceae,Planktomarina,Genus_Planktomarina
root,Proteobacteria,Alphaproteobacteria,Rhodobacterales,Rhodobacteraceae,Planktomarina,Genus_Planktomarina
root,Proteobacteria,Alphaproteobacteria,Rhodobacterales,Rhodobacteraceae,Planktomarina,Planktomarina sp002683685
root,Proteobacteria,Alphaproteobacteria,Rhodobacterales,Rhodobacteraceae,Planktomarina,Planktomarina sp002683685
root,Proteobacteria,Alphaproteobacteria,Rhodobacterales,Rhodobacteraceae,Planktomarina,Planktomarina sp002683685
root,Proteobacteria,Alphaproteobacteria,Rhodobacterales,Rhodobacteraceae,Planktomarina,Planktomarina temperata
root,Proteobacteria,Alphaproteobacteria,Rhodobacterales,Rhodobacteraceae,Planktomarina,Planktomarina temperata
root,Proteobacteria,Gammaproteobacteria,Pseudomonadales,Porticoccaceae,Porticoccus,Genus_Porticoccus
root,Proteobacteria,Gammaproteobacteria,Pseudomonadales,Porticoccaceae,Porticoccus,Genus_Porticoccus
root,Proteobacteria,Gammaproteobacteria,Enterobacterales,Alteromonadaceae,Pseudoalteromonas,Pseudoalteromonas undina
root,Proteobacteria,Gammaproteobacteria,Enterobacterales,Alteromonadaceae,Pseudoalteromonas,Pseudoalteromonas tetraodonis
root,Proteobacteria,Alphaproteobacteria,Puniceispirillales,Puniceispirillaceae,Puniceispirillum,Genus_Puniceispirillum
root,Proteobacteria,Alphaproteobacteria,Puniceispirillales,Puniceispirillaceae,Puniceispirillum,Genus_Puniceispirillum
root,Proteobacteria,Alphaproteobacteria,Puniceispirillales,Puniceispirillaceae,Puniceispirillum,Genus_Puniceispirillum
root,Proteobacteria,Alphaproteobacteria,Puniceispirillales,Puniceispirillaceae,Puniceispirillum,Genus_Puniceispirillum
root,Proteobacteria,Alphaproteobacteria,Puniceispirillales,Puniceispirillaceae,Puniceispirillum,Genus_Puniceispirillum
root,Proteobacteria,Alphaproteobacteria,Puniceispirillales,Puniceispirillaceae,Puniceispirillum,Genus_Puniceispirillum
root,Proteobacteria,Alphaproteobacteria,Puniceispirillales,Puniceispirillaceae,Puniceispirillum,Genus_Puniceispirillum
root,Proteobacteria,Alphaproteobacteria,Puniceispirillales,Puniceispirillaceae,Puniceispirillum,Genus_Puniceispirillum
root,Proteobacteria,Alphaproteobacteria,Puniceispirillales,Puniceispirillaceae,Puniceispirillum,Genus_Puniceispirillum
root,Proteobacteria,Alphaproteobacteria,Puniceispirillales,Puniceispirillaceae,Puniceispirillum,Genus_Puniceispirillum
root,Proteobacteria,Alphaproteobacteria,Puniceispirillales,Puniceispirillaceae,Puniceispirillum,Genus_Puniceispirillum
root,Proteobacteria,Alphaproteobacteria,Puniceispirillales,Puniceispirillaceae,Puniceispirillum,Genus_Puniceispirillum
root,Proteobacteria,Gammaproteobacteria,UBA10353,LS-SOB,REDSEA-S09-B13,REDSEA-S09-B13 sp002456995
root,Proteobacteria,Gammaproteobacteria,UBA10353,LS-SOB,REDSEA-S09-B13,REDSEA-S09-B13 sp002456995
root,Proteobacteria,Gammaproteobacteria,UBA10353,LS-SOB,REDSEA-S09-B13,REDSEA-S09-B13 sp002456995
root,Proteobacteria,Gammaproteobacteria,UBA10353,LS-SOB,REDSEA-S09-B13,REDSEA-S09-B13 sp002456995
root,Proteobacteria,Gammaproteobacteria,UBA10353,LS-SOB,REDSEA-S09-B13,REDSEA-S09-B13 sp002456995
root,Proteobacteria,Gammaproteobacteria,UBA10353,LS-SOB,REDSEA-S09-B13,REDSEA-S09-B13 sp002456995
root,Proteobacteria,Gammaproteobacteria,UBA10353,LS-SOB,REDSEA-S09-B13,REDSEA-S09-B13 sp002456995
root,Proteobacteria,Gammaproteobacteria,UBA10353,LS-SOB,REDSEA-S09-B13,REDSEA-S09-B13 sp002456995
root,Proteobacteria,Gammaproteobacteria,UBA10353,LS-SOB,REDSEA-S09-B13,REDSEA-S09-B13 sp002456995
root,Proteobacteria,Gammaproteobacteria,UBA10353,LS-SOB,REDSEA-S09-B13,REDSEA-S09-B13 sp002456995
root,Proteobacteria,Gammaproteobacteria,UBA10353,LS-SOB,REDSEA-S09-B13,REDSEA-S09-B13 sp002456995
root,Proteobacteria,Gammaproteobacteria,UBA10353,LS-SOB,REDSEA-S09-B13,REDSEA-S09-B13 sp002456995
root,Proteobacteria,Gammaproteobacteria,UBA10353,LS-SOB,REDSEA-S09-B13,REDSEA-S09-B13 sp002456995
root,Proteobacteria,Gammaproteobacteria,UBA10353,LS-SOB,REDSEA-S09-B13,REDSEA-S09-B13 sp002456995
root,Proteobacteria,Gammaproteobacteria,UBA10353,LS-SOB,REDSEA-S09-B13,REDSEA-S09-B13 sp002456995
root,Proteobacteria,Gammaproteobacteria,UBA10353,LS-SOB,REDSEA-S09-B13,REDSEA-S09-B13 sp002456995
root,Proteobacteria,Gammaproteobacteria,SAR86,D2472,SCGC-AAA076-P13,Genus_SCGC-AAA076-P13
root,Proteobacteria,Gammaproteobacteria,SAR86,D2472,SCGC-AAA076-P13,Genus_SCGC-AAA076-P13
root,Proteobacteria,Gammaproteobacteria,SAR86,D2472,SCGC-AAA076-P13,Genus_SCGC-AAA076-P13
root,Proteobacteria,Gammaproteobacteria,SAR86,D2472,SCGC-AAA076-P13,Genus_SCGC-AAA076-P13
root,Proteobacteria,Gammaproteobacteria,SAR86,D2472,SCGC-AAA076-P13,Genus_SCGC-AAA076-P13
root,Proteobacteria,Gammaproteobacteria,SAR86,D2472,SCGC-AAA076-P13,Genus_SCGC-AAA076-P13
root,Proteobacteria,Gammaproteobacteria,SAR86,D2472,SCGC-AAA076-P13,Genus_SCGC-AAA076-P13
root,Proteobacteria,Gammaproteobacteria,SAR86,D2472,SCGC-AAA076-P13,Genus_SCGC-AAA076-P13
root,Proteobacteria,Gammaproteobacteria,SAR86,D2472,SCGC-AAA076-P13,Genus_SCGC-AAA076-P13
root,Proteobacteria,Gammaproteobacteria,SAR86,D2472,SCGC-AAA076-P13,Genus_SCGC-AAA076-P13
root,Proteobacteria,Gammaproteobacteria,SAR86,D2472,SCGC-AAA076-P13,Genus_SCGC-AAA076-P13
root,Proteobacteria,Gammaproteobacteria,SAR86,D2472,SCGC-AAA076-P13,Genus_SCGC-AAA076-P13
root,Proteobacteria,Alphaproteobacteria,Rhodobacterales,Rhodobacteraceae,Tateyamaria,Genus_Tateyamaria
root,Proteobacteria,Gammaproteobacteria,Thiomicrospirales,Thioglobaceae,Thioglobus,Thioglobus sp002169705
root,Proteobacteria,Gammaproteobacteria,Thiomicrospirales,Thioglobaceae,Thioglobus,Thioglobus sp002169705
root,Proteobacteria,Gammaproteobacteria,Thiomicrospirales,Thioglobaceae,Thioglobus,Genus_Thioglobus
root,Proteobacteria,Gammaproteobacteria,Thiomicrospirales,Thioglobaceae,Thioglobus,Genus_Thioglobus
root,Proteobacteria,Gammaproteobacteria,Thiomicrospirales,Thioglobaceae,Thioglobus,Genus_Thioglobus
root,Proteobacteria,Gammaproteobacteria,Thiomicrospirales,Thioglobaceae,Thioglobus,Genus_Thioglobus
root,Proteobacteria,Gammaproteobacteria,Thiomicrospirales,Thioglobaceae,Thioglobus,Genus_Thioglobus
root,Proteobacteria,Gammaproteobacteria,Thiomicrospirales,Thioglobaceae,Thioglobus,Genus_Thioglobus
root,Proteobacteria,Gammaproteobacteria,Thiomicrospirales,Thioglobaceae,Thioglobus,Genus_Thioglobus
root,Proteobacteria,Gammaproteobacteria,Thiomicrospirales,Thioglobaceae,Thioglobus,Genus_Thioglobus
root,Proteobacteria,Gammaproteobacteria,Thiomicrospirales,Thioglobaceae,Thioglobus,Genus_Thioglobus
root,Proteobacteria,Gammaproteobacteria,Thiomicrospirales,Thioglobaceae,Thioglobus,Genus_Thioglobus
root,Proteobacteria,Gammaproteobacteria,Thiomicrospirales,Thioglobaceae,Thioglobus,Genus_Thioglobus
root,Proteobacteria,Gammaproteobacteria,Thiomicrospirales,Thioglobaceae,Thioglobus,Genus_Thioglobus
root,Proteobacteria,Gammaproteobacteria,Thiomicrospirales,Thioglobaceae,Thioglobus,Genus_Thioglobus
root,Proteobacteria,Gammaproteobacteria,Thiomicrospirales,Thioglobaceae,Thioglobus,Genus_Thioglobus
root,Proteobacteria,Gammaproteobacteria,Thiomicrospirales,Thioglobaceae,Thioglobus,Genus_Thioglobus
root,Proteobacteria,Gammaproteobacteria,Thiomicrospirales,Thioglobaceae,Thioglobus,Thioglobus sp002698045
root,Proteobacteria,Gammaproteobacteria,Pseudomonadales,Porticoccaceae,TMED48,Genus_TMED48
root,Proteobacteria,Gammaproteobacteria,Pseudomonadales,Porticoccaceae,TMED48,Genus_TMED48
root,Proteobacteria,Gammaproteobacteria,Pseudomonadales,Porticoccaceae,TMED48,Genus_TMED48
root,Proteobacteria,Gammaproteobacteria,Pseudomonadales,Porticoccaceae,TMED48,Genus_TMED48
root,Proteobacteria,Gammaproteobacteria,Pseudomonadales,Porticoccaceae,TMED48,Genus_TMED48
root,Proteobacteria,Gammaproteobacteria,Pseudomonadales,Porticoccaceae,TMED48,Genus_TMED48
root,Proteobacteria,Gammaproteobacteria,Pseudomonadales,Porticoccaceae,TMED48,Genus_TMED48
root,Proteobacteria,Gammaproteobacteria,UBA11654,UBA11654,UBA11654,UBA11654 sp002691305
root,Proteobacteria,Gammaproteobacteria,UBA11654,UBA11654,UBA11654,UBA11654 sp002691305
root,Proteobacteria,Gammaproteobacteria,UBA11654,UBA11654,UBA11654,UBA11654 sp002691305
root,Proteobacteria,Gammaproteobacteria,UBA11654,UBA11654,UBA11654,UBA11654 sp002691305
root,Proteobacteria,Gammaproteobacteria,UBA11654,UBA11654,UBA11654,UBA11654 sp002691305
root,Proteobacteria,Gammaproteobacteria,UBA10353,LS-SOB,UBA11791,Genus_UBA11791
root,Proteobacteria,Gammaproteobacteria,UBA10353,LS-SOB,UBA11791,Genus_UBA11791
root,Proteobacteria,Gammaproteobacteria,UBA10353,LS-SOB,UBA11791,Genus_UBA11791
root,Proteobacteria,Gammaproteobacteria,UBA10353,LS-SOB,UBA11791,Genus_UBA11791
root,Proteobacteria,Gammaproteobacteria,UBA10353,LS-SOB,UBA11791,Genus_UBA11791
root,Proteobacteria,Gammaproteobacteria,UBA10353,LS-SOB,UBA11791,Genus_UBA11791
root,Proteobacteria,Gammaproteobacteria,UBA10353,LS-SOB,UBA11791,Genus_UBA11791
root,Proteobacteria,Gammaproteobacteria,UBA10353,LS-SOB,UBA11791,Genus_UBA11791
root,Proteobacteria,Gammaproteobacteria,UBA10353,LS-SOB,UBA11791,Genus_UBA11791
root,Proteobacteria,Alphaproteobacteria,Rhodobacterales,Rhodobacteraceae,UBA12010,Genus_UBA12010
root,Proteobacteria,Alphaproteobacteria,Rhodobacterales,Rhodobacteraceae,UBA12010,Genus_UBA12010
root,Proteobacteria,Alphaproteobacteria,Rhodobacterales,Rhodobacteraceae,UBA12010,Genus_UBA12010
root,Proteobacteria,Alphaproteobacteria,Rhodobacterales,Rhodobacteraceae,UBA12010,Genus_UBA12010
root,Proteobacteria,Alphaproteobacteria,Rhodobacterales,Rhodobacteraceae,UBA12010,Genus_UBA12010
root,Proteobacteria,Gammaproteobacteria,Pseudomonadales,HTCC2089,UBA4421,UBA4421 sp002726925
root,Proteobacteria,Gammaproteobacteria,Pseudomonadales,HTCC2089,UBA4421,UBA4421 sp002726925
root,Proteobacteria,Gammaproteobacteria,Pseudomonadales,HTCC2089,UBA4421,UBA4421 sp002726925
root,Proteobacteria,Gammaproteobacteria,Pseudomonadales,HTCC2089,UBA4421,UBA4421 sp002726925
root,Proteobacteria,Gammaproteobacteria,Pseudomonadales,HTCC2089,UBA4421,UBA4421 sp002390555
root,Proteobacteria,Gammaproteobacteria,Pseudomonadales,HTCC2089,UBA4421,UBA4421 sp002390555
root,Proteobacteria,Gammaproteobacteria,Pseudomonadales,HTCC2089,UBA4421,UBA4421 sp002390555
root,Proteobacteria,Gammaproteobacteria,Pseudomonadales,HTCC2089,UBA4421,UBA4421 sp002390555
root,Proteobacteria,Gammaproteobacteria,Pseudomonadales,HTCC2089,UBA4421,UBA4421 sp002390555
root,Proteobacteria,Gammaproteobacteria,Pseudomonadales,HTCC2089,UBA4421,UBA4421 sp002390555
root,Proteobacteria,Gammaproteobacteria,Pseudomonadales,HTCC2089,UBA4421,UBA4421 sp002390555
root,Proteobacteria,Gammaproteobacteria,Pseudomonadales,HTCC2089,UBA4421,UBA4421 sp002390555
root,Proteobacteria,Gammaproteobacteria,Pseudomonadales,HTCC2089,UBA4421,UBA4421 sp002390555
root,Proteobacteria,Gammaproteobacteria,Pseudomonadales,HTCC2089,UBA4421,Genus_UBA4421
root,Proteobacteria,Gammaproteobacteria,Pseudomonadales,HTCC2089,UBA4421,UBA4421 sp002704225
root,Proteobacteria,Gammaproteobacteria,Pseudomonadales,HTCC2089,UBA4421,UBA4421 sp002704225
root,Proteobacteria,Gammaproteobacteria,Pseudomonadales,HTCC2089,UBA4421,UBA4421 sp002704225
root,Proteobacteria,Gammaproteobacteria,Pseudomonadales,HTCC2089,UBA4421,UBA4421 sp002704225
root,Proteobacteria,Gammaproteobacteria,Pseudomonadales,HTCC2089,UBA4582,Genus_UBA4582
root,Proteobacteria,Gammaproteobacteria,Pseudomonadales,HTCC2089,UBA4582,Genus_UBA4582
root,Proteobacteria,Gammaproteobacteria,UBA10353,LS-SOB,UBA5682,UBA5682 sp002171735
root,Proteobacteria,Gammaproteobacteria,UBA10353,LS-SOB,UBA5682,UBA5682 sp002171735
root,Proteobacteria,Gammaproteobacteria,UBA10353,LS-SOB,UBA5682,Genus_UBA5682
root,Proteobacteria,Gammaproteobacteria,UBA10353,LS-SOB,UBA5682,Genus_UBA5682
root,Proteobacteria,Gammaproteobacteria,UBA10353,LS-SOB,UBA5682,Genus_UBA5682
root,Proteobacteria,Gammaproteobacteria,UBA10353,LS-SOB,UBA5682,Genus_UBA5682
root,Proteobacteria,Gammaproteobacteria,UBA10353,LS-SOB,UBA5682,Genus_UBA5682
root,Proteobacteria,Gammaproteobacteria,UBA10353,LS-SOB,UBA5682,Genus_UBA5682
root,Proteobacteria,Gammaproteobacteria,UBA10353,LS-SOB,UBA5682,Genus_UBA5682
root,Proteobacteria,Gammaproteobacteria,UBA10353,LS-SOB,UBA5682,Genus_UBA5682
root,Proteobacteria,Gammaproteobacteria,UBA10353,LS-SOB,UBA5682,Genus_UBA5682
root,Proteobacteria,Gammaproteobacteria,UBA10353,LS-SOB,UBA5682,Genus_UBA5682
root,Proteobacteria,Alphaproteobacteria,Puniceispirillales,Puniceispirillaceae,UBA5951,Genus_UBA5951
root,Proteobacteria,Alphaproteobacteria,Puniceispirillales,Puniceispirillaceae,UBA5951,Genus_UBA5951
root,Proteobacteria,Alphaproteobacteria,UBA8366,UBA8366,UBA6544,Genus_UBA6544
root,Proteobacteria,Alphaproteobacteria,UBA8366,UBA8366,UBA6544,Genus_UBA6544
root,Proteobacteria,Alphaproteobacteria,UBA8366,UBA8366,UBA6544,Genus_UBA6544
root,Proteobacteria,Alphaproteobacteria,UBA8366,UBA8366,UBA6544,Genus_UBA6544
root,Proteobacteria,Alphaproteobacteria,UBA8366,UBA8366,UBA6544,Genus_UBA6544
root,Proteobacteria,Alphaproteobacteria,Nisaeales,Nisaeaceae,UBA7326,Genus_UBA7326
root,Proteobacteria,Gammaproteobacteria,Burkholderiales,Burkholderiaceae,UBA7377,Genus_UBA7377
root,Proteobacteria,Gammaproteobacteria,Pseudomonadales,UBA7434,UBA7434,UBA7434 sp002726445
root,Proteobacteria,Gammaproteobacteria,UBA10353,LS-SOB,UBA868,Genus_UBA868
root,Proteobacteria,Gammaproteobacteria,UBA10353,LS-SOB,UBA868,Genus_UBA868
root,Proteobacteria,Gammaproteobacteria,UBA10353,LS-SOB,UBA868,Genus_UBA868
root,Proteobacteria,Gammaproteobacteria,UBA10353,LS-SOB,UBA868,UBA868 sp002295285
root,Proteobacteria,Gammaproteobacteria,Pseudomonadales,Pseudohongiellaceae,UBA9145,UBA9145 sp002457215
root,Proteobacteria,Gammaproteobacteria,Pseudomonadales,Pseudohongiellaceae,UBA9145,Genus_UBA9145
root,Proteobacteria,Gammaproteobacteria,Pseudomonadales,Pseudohongiellaceae,UBA9145,Genus_UBA9145
root,Proteobacteria,Gammaproteobacteria,Pseudomonadales,Pseudohongiellaceae,UBA9145,Genus_UBA9145
root,Proteobacteria,Gammaproteobacteria,Pseudomonadales,Pseudohongiellaceae,UBA9145,Genus_UBA9145
root,Proteobacteria,Gammaproteobacteria,Pseudomonadales,Pseudohongiellaceae,UBA9145,Genus_UBA9145
root,Proteobacteria,Gammaproteobacteria,Pseudomonadales,Pseudohongiellaceae,UBA9145,Genus_UBA9145
root,Proteobacteria,Gammaproteobacteria,Pseudomonadales,Pseudohongiellaceae,UBA9145,Genus_UBA9145
root,Proteobacteria,Gammaproteobacteria,Pseudomonadales,Pseudohongiellaceae,UBA9145,UBA9145 sp002694855
root,Proteobacteria,Gammaproteobacteria,Pseudomonadales,HTCC2089,UBA9659,Genus_UBA9659
root,Proteobacteria,Gammaproteobacteria,Pseudomonadales,HTCC2089,UBA9659,Genus_UBA9659
root,Proteobacteria,Gammaproteobacteria,Pseudomonadales,HTCC2089,UBA9659,Genus_UBA9659
root,Proteobacteria,Gammaproteobacteria,Burkholderiales,SG8-40,Family_SG8-40,Family_SG8-40
root,Proteobacteria,Alphaproteobacteria,Pelagibacterales,AG-422-B15,Family_AG-422-B15,Family_AG-422-B15
root,Proteobacteria,Alphaproteobacteria,Pelagibacterales,AG-422-B15,Family_AG-422-B15,Family_AG-422-B15
root,Proteobacteria,Alphaproteobacteria,Pelagibacterales,AG-422-B15,Family_AG-422-B15,Family_AG-422-B15
root,Proteobacteria,Alphaproteobacteria,Pelagibacterales,AG-422-B15,Family_AG-422-B15,Family_AG-422-B15
root,Proteobacteria,Alphaproteobacteria,Pelagibacterales,AG-422-B15,Family_AG-422-B15,Family_AG-422-B15
root,Proteobacteria,Alphaproteobacteria,Pelagibacterales,AG-422-B15,Family_AG-422-B15,Family_AG-422-B15
root,Proteobacteria,Alphaproteobacteria,Pelagibacterales,AG-422-B15,Family_AG-422-B15,Family_AG-422-B15
root,Proteobacteria,Alphaproteobacteria,Pelagibacterales,AG-422-B15,Family_AG-422-B15,Family_AG-422-B15
root,Proteobacteria,Gammaproteobacteria,SAR86,D2472,Family_D2472,Family_D2472
root,Proteobacteria,Gammaproteobacteria,SAR86,D2472,Family_D2472,Family_D2472
root,Proteobacteria,Gammaproteobacteria,SAR86,D2472,Family_D2472,Family_D2472
root,Proteobacteria,Gammaproteobacteria,SAR86,D2472,Family_D2472,Family_D2472
root,Proteobacteria,Gammaproteobacteria,SAR86,D2472,Family_D2472,Family_D2472
root,Proteobacteria,Gammaproteobacteria,SAR86,D2472,Family_D2472,Family_D2472
root,Proteobacteria,Alphaproteobacteria,MC1,Order_MC1,Order_MC1,Order_MC1
root,Proteobacteria,Gammaproteobacteria,SAR86,SAR86,Family_SAR86,Family_SAR86
root,Proteobacteria,Gammaproteobacteria,SAR86,SAR86,Family_SAR86,Family_SAR86
root,Proteobacteria,Gammaproteobacteria,SAR86,SAR86,Family_SAR86,Family_SAR86
root,Proteobacteria,Gammaproteobacteria,SAR86,SAR86,Family_SAR86,Family_SAR86
root,Proteobacteria,Gammaproteobacteria,SAR86,SAR86,Family_SAR86,Family_SAR86
root,Proteobacteria,Gammaproteobacteria,SAR86,SAR86,Family_SAR86,Family_SAR86
root,Proteobacteria,Gammaproteobacteria,SAR86,SAR86,Family_SAR86,Family_SAR86
root,Proteobacteria,Gammaproteobacteria,SAR86,SAR86,Family_SAR86,Family_SAR86
root,Proteobacteria,Gammaproteobacteria,SAR86,SAR86,Family_SAR86,Family_SAR86
root,Proteobacteria,Gammaproteobacteria,SAR86,SAR86,Family_SAR86,Family_SAR86
root,Proteobacteria,Gammaproteobacteria,SAR86,SAR86,Family_SAR86,Family_SAR86
root,Proteobacteria,Gammaproteobacteria,SAR86,SAR86,Family_SAR86,Family_SAR86
root,Proteobacteria,Gammaproteobacteria,SAR86,SAR86,Family_SAR86,Family_SAR86
root,Proteobacteria,Gammaproteobacteria,SAR86,D2472,Family_D2472,Family_D2472
root,Proteobacteria,Alphaproteobacteria,Bin95,Bin95,Family_Bin95,Family_Bin95
root,Proteobacteria,Alphaproteobacteria,UBA828,UBA828,Family_UBA828,Family_UBA828
root,Proteobacteria,Gammaproteobacteria,Pseudomonadales,HTCC2089,Family_HTCC2089,Family_HTCC2089
root,Proteobacteria,Gammaproteobacteria,Pseudomonadales,HTCC2089,Family_HTCC2089,Family_HTCC2089
root,Proteobacteria,Gammaproteobacteria,Pseudomonadales,HTCC2089,Family_HTCC2089,Family_HTCC2089
root,Proteobacteria,Gammaproteobacteria,UBA11654,UBA11654,Family_UBA11654,Family_UBA11654
root,Proteobacteria,Gammaproteobacteria,UBA11654,UBA11654,Family_UBA11654,Family_UBA11654
root,Proteobacteria,Gammaproteobacteria,UBA11654,UBA11654,Family_UBA11654,Family_UBA11654
root,Proteobacteria,Gammaproteobacteria,SAR86,AG-339-G14,Family_AG-339-G14,Family_AG-339-G14
root,SAR324,SAR324,SAR324,NAC60-12,Arctic96AD-7,Genus_Arctic96AD-7
root,SAR324,SAR324,SAR324,NAC60-12,Arctic96AD-7,Genus_Arctic96AD-7
root,SAR324,SAR324,SAR324,NAC60-12,Arctic96AD-7,Genus_Arctic96AD-7
root,SAR324,SAR324,SAR324,NAC60-12,Arctic96AD-7,Genus_Arctic96AD-7
root,SAR324,SAR324,SAR324,NAC60-12,Arctic96AD-7,Arctic96AD-7 sp002082305
root,SAR324,SAR324,SAR324,NAC60-12,Arctic96AD-7,Arctic96AD-7 sp002082305
root,SAR324,SAR324,SAR324,NAC60-12,Arctic96AD-7,Arctic96AD-7 sp002082305
root,SAR324,SAR324,SAR324,NAC60-12,Arctic96AD-7,Genus_Arctic96AD-7
root,SAR324,SAR324,SAR324,NAC60-12,Arctic96AD-7,Arctic96AD-7 sp002082305
root,SAR324,SAR324,SAR324,NAC60-12,Arctic96AD-7,Genus_Arctic96AD-7
root,SAR324,SAR324,SAR324,NAC60-12,Arctic96AD-7,Arctic96AD-7 sp000213335
root,SAR324,SAR324,SAR324,NAC60-12,Arctic96AD-7,Genus_Arctic96AD-7
root,SAR324,SAR324,SAR324,NAC60-12,Arctic96AD-7,Arctic96AD-7 sp002082305
root,SAR324,SAR324,SAR324,NAC60-12,Arctic96AD-7,Genus_Arctic96AD-7
root,SAR324,SAR324,SAR324,NAC60-12,Arctic96AD-7,Arctic96AD-7 sp002082305
root,SAR324,SAR324,SAR324,NAC60-12,Arctic96AD-7,Arctic96AD-7 sp002082305
root,SAR324,SAR324,SAR324,NAC60-12,Arctic96AD-7,Arctic96AD-7 sp002082305
root,SAR324,SAR324,SAR324,NAC60-12,Arctic96AD-7,Genus_Arctic96AD-7
root,SAR324,SAR324,SAR324,NAC60-12,Arctic96AD-7,Arctic96AD-7 sp002082305
root,SAR324,SAR324,SAR324,NAC60-12,Arctic96AD-7,Arctic96AD-7 sp000213335
root,SAR324,SAR324,SAR324,NAC60-12,Arctic96AD-7,Arctic96AD-7 sp000213335
root,SAR324,SAR324,SAR324,NAC60-12,UBA8110,UBA8110 sp002707655
root,Thermoplasmatota,Poseidoniia,MGIII,CG-Epi1,CG-Epi1,Genus_CG-Epi1
root,Thermoplasmatota,Poseidoniia,MGIII,CG-Epi1,CG-Epi1,Genus_CG-Epi1
root,Thermoplasmatota,Poseidoniia,MGIII,CG-Epi1,CG-Epi1,Genus_CG-Epi1
root,Thermoplasmatota,Poseidoniia,MGIII,CG-Epi1,CG-Epi1,Genus_CG-Epi1
root,Thermoplasmatota,Poseidoniia,MGIII,CG-Epi1,CG-Epi1,Genus_CG-Epi1
root,Thermoplasmatota,Poseidoniia,MGIII,CG-Epi1,CG-Epi1,Genus_CG-Epi1
root,Thermoplasmatota,Poseidoniia,Poseidoniales,Poseidoniaceae,MGIIa-K1,Genus_MGIIa-K1
root,Thermoplasmatota,Poseidoniia,Poseidoniales,Poseidoniaceae,MGIIa-K1,Genus_MGIIa-K1
root,Thermoplasmatota,Poseidoniia,Poseidoniales,Poseidoniaceae,MGIIa-L1,Genus_MGIIa-L1
root,Thermoplasmatota,Poseidoniia,Poseidoniales,Poseidoniaceae,MGIIa-L1,Genus_MGIIa-L1
root,Thermoplasmatota,Poseidoniia,Poseidoniales,Poseidoniaceae,MGIIa-L1,Genus_MGIIa-L1
root,Thermoplasmatota,Poseidoniia,Poseidoniales,Poseidoniaceae,MGIIa-L1,Genus_MGIIa-L1
root,Thermoplasmatota,Poseidoniia,Poseidoniales,Poseidoniaceae,MGIIa-L1,Genus_MGIIa-L1
root,Thermoplasmatota,Poseidoniia,Poseidoniales,Poseidoniaceae,MGIIa-L1,Genus_MGIIa-L1
root,Thermoplasmatota,Poseidoniia,Poseidoniales,Poseidoniaceae,MGIIa-L1,Genus_MGIIa-L1
root,Thermoplasmatota,Poseidoniia,Poseidoniales,Poseidoniaceae,MGIIa-L1,Genus_MGIIa-L1
root,Thermoplasmatota,Poseidoniia,Poseidoniales,Poseidoniaceae,MGIIa-L1,Genus_MGIIa-L1
root,Thermoplasmatota,Poseidoniia,Poseidoniales,Poseidoniaceae,MGIIa-L1,Genus_MGIIa-L1
root,Thermoplasmatota,Poseidoniia,Poseidoniales,Poseidoniaceae,MGIIa-L1,Genus_MGIIa-L1
root,Thermoplasmatota,Poseidoniia,Poseidoniales,Poseidoniaceae,MGIIa-L1,Genus_MGIIa-L1
root,Thermoplasmatota,Poseidoniia,Poseidoniales,Poseidoniaceae,MGIIa-L1,Genus_MGIIa-L1
root,Thermoplasmatota,Poseidoniia,Poseidoniales,Poseidoniaceae,MGIIa-L1,Genus_MGIIa-L1
root,Thermoplasmatota,Poseidoniia,Poseidoniales,Poseidoniaceae,MGIIa-L1,MGIIa-L1 sp9513u
root,Thermoplasmatota,Poseidoniia,Poseidoniales,Poseidoniaceae,MGIIa-L1,MGIIa-L1 sp9513u
root,Thermoplasmatota,Poseidoniia,Poseidoniales,Poseidoniaceae,MGIIa-L1,Genus_MGIIa-L1
root,Thermoplasmatota,Poseidoniia,Poseidoniales,Poseidoniaceae,MGIIa-L1,Genus_MGIIa-L1
root,Thermoplasmatota,Poseidoniia,Poseidoniales,Poseidoniaceae,MGIIa-L1,Genus_MGIIa-L1
root,Thermoplasmatota,Poseidoniia,Poseidoniales,Poseidoniaceae,MGIIa-L1,Genus_MGIIa-L1
root,Thermoplasmatota,Poseidoniia,Poseidoniales,Poseidoniaceae,MGIIa-L1,Genus_MGIIa-L1
root,Thermoplasmatota,Poseidoniia,Poseidoniales,Poseidoniaceae,MGIIa-L1,Genus_MGIIa-L1
root,Thermoplasmatota,Poseidoniia,Poseidoniales,Poseidoniaceae,MGIIa-L1,Genus_MGIIa-L1
root,Thermoplasmatota,Poseidoniia,Poseidoniales,Poseidoniaceae,MGIIa-L1,Genus_MGIIa-L1
root,Thermoplasmatota,Poseidoniia,Poseidoniales,Poseidoniaceae,MGIIa-L1,Genus_MGIIa-L1
root,Thermoplasmatota,Poseidoniia,Poseidoniales,Poseidoniaceae,MGIIa-L1,Genus_MGIIa-L1
root,Thermoplasmatota,Poseidoniia,Poseidoniales,Poseidoniaceae,MGIIa-L1,Genus_MGIIa-L1
root,Thermoplasmatota,Poseidoniia,Poseidoniales,Poseidoniaceae,MGIIa-L1,Genus_MGIIa-L1
root,Thermoplasmatota,Poseidoniia,Poseidoniales,Poseidoniaceae,MGIIa-L1,Genus_MGIIa-L1
root,Thermoplasmatota,Poseidoniia,Poseidoniales,Poseidoniaceae,MGIIa-L2,Genus_MGIIa-L2
root,Thermoplasmatota,Poseidoniia,Poseidoniales,Poseidoniaceae,MGIIa-L2,Genus_MGIIa-L2
root,Thermoplasmatota,Poseidoniia,Poseidoniales,Thalassoarchaeaceae,MGIIb-O1,MGIIb-O1 sp8684u
root,Thermoplasmatota,Poseidoniia,Poseidoniales,Thalassoarchaeaceae,MGIIb-O1,MGIIb-O1 sp8684u
root,Thermoplasmatota,Poseidoniia,Poseidoniales,Thalassoarchaeaceae,MGIIb-O1,MGIIb-O1 sp8684u
root,Thermoplasmatota,Poseidoniia,Poseidoniales,Thalassoarchaeaceae,MGIIb-O1,MGIIb-O1 sp8684u
root,Thermoplasmatota,Poseidoniia,Poseidoniales,Thalassoarchaeaceae,MGIIb-O1,MGIIb-O1 sp8684u
root,Thermoplasmatota,Poseidoniia,Poseidoniales,Thalassoarchaeaceae,MGIIb-O1,MGIIb-O1 sp8684u
root,Thermoplasmatota,Poseidoniia,Poseidoniales,Thalassoarchaeaceae,MGIIb-O1,MGIIb-O1 sp8684u
root,Thermoplasmatota,Poseidoniia,Poseidoniales,Thalassoarchaeaceae,MGIIb-O1,MGIIb-O1 sp8684u
root,Thermoplasmatota,Poseidoniia,Poseidoniales,Thalassoarchaeaceae,MGIIb-O1,MGIIb-O1 sp8684u
root,Thermoplasmatota,Poseidoniia,Poseidoniales,Thalassoarchaeaceae,MGIIb-O1,MGIIb-O1 sp8684u
root,Thermoplasmatota,Poseidoniia,Poseidoniales,Thalassoarchaeaceae,MGIIb-O1,MGIIb-O1 sp8684u
root,Thermoplasmatota,Poseidoniia,Poseidoniales,Thalassoarchaeaceae,MGIIb-O1,MGIIb-O1 sp002497895
root,Thermoplasmatota,Poseidoniia,Poseidoniales,Thalassoarchaeaceae,MGIIb-O1,MGIIb-O1 sp002497895
root,Thermoplasmatota,Poseidoniia,Poseidoniales,Thalassoarchaeaceae,MGIIb-O1,MGIIb-O1 sp002497895
root,Thermoplasmatota,Poseidoniia,Poseidoniales,Thalassoarchaeaceae,MGIIb-O1,MGIIb-O1 sp002497895
root,Thermoplasmatota,Poseidoniia,Poseidoniales,Thalassoarchaeaceae,MGIIb-O1,MGIIb-O1 sp002497895
root,Thermoplasmatota,Poseidoniia,Poseidoniales,Thalassoarchaeaceae,MGIIb-O1,MGIIb-O1 sp002497895
root,Thermoplasmatota,Poseidoniia,Poseidoniales,Thalassoarchaeaceae,MGIIb-O1,MGIIb-O1 sp002497895
root,Thermoplasmatota,Poseidoniia,Poseidoniales,Thalassoarchaeaceae,MGIIb-O1,MGIIb-O1 sp002497895
root,Thermoplasmatota,Poseidoniia,Poseidoniales,Thalassoarchaeaceae,MGIIb-O1,MGIIb-O1 sp002497895
root,Thermoplasmatota,Poseidoniia,Poseidoniales,Thalassoarchaeaceae,MGIIb-O2,MGIIb-O2 sp002498985
root,Thermoplasmatota,Poseidoniia,Poseidoniales,Thalassoarchaeaceae,MGIIb-O2,MGIIb-O2 sp002498985
root,Thermoplasmatota,Poseidoniia,Poseidoniales,Thalassoarchaeaceae,MGIIb-O2,Genus_MGIIb-O2
root,Thermoplasmatota,Poseidoniia,Poseidoniales,Thalassoarchaeaceae,MGIIb-O2,Genus_MGIIb-O2
root,Thermoplasmatota,Poseidoniia,Poseidoniales,Thalassoarchaeaceae,MGIIb-O2,Genus_MGIIb-O2
root,Thermoplasmatota,Poseidoniia,Poseidoniales,Thalassoarchaeaceae,MGIIb-O2,Genus_MGIIb-O2
root,Thermoplasmatota,Poseidoniia,Poseidoniales,Thalassoarchaeaceae,MGIIb-O2,Genus_MGIIb-O2
root,Thermoplasmatota,Poseidoniia,Poseidoniales,Thalassoarchaeaceae,MGIIb-O2,Genus_MGIIb-O2
root,Thermoplasmatota,Poseidoniia,Poseidoniales,Thalassoarchaeaceae,MGIIb-O2,Genus_MGIIb-O2
root,Thermoplasmatota,Poseidoniia,Poseidoniales,Thalassoarchaeaceae,MGIIb-O2,Genus_MGIIb-O2
root,Thermoplasmatota,Poseidoniia,Poseidoniales,Thalassoarchaeaceae,MGIIb-O2,Genus_MGIIb-O2
root,Thermoplasmatota,Poseidoniia,Poseidoniales,Thalassoarchaeaceae,MGIIb-O2,Genus_MGIIb-O2
root,Thermoplasmatota,Poseidoniia,Poseidoniales,Thalassoarchaeaceae,MGIIb-O2,Genus_MGIIb-O2
root,Thermoplasmatota,Poseidoniia,Poseidoniales,Thalassoarchaeaceae,MGIIb-O2,Genus_MGIIb-O2
root,Thermoplasmatota,Poseidoniia,Poseidoniales,Thalassoarchaeaceae,MGIIb-O2,Genus_MGIIb-O2
root,Thermoplasmatota,Poseidoniia,Poseidoniales,Thalassoarchaeaceae,MGIIb-O2,Genus_MGIIb-O2
root,Thermoplasmatota,Poseidoniia,Poseidoniales,Thalassoarchaeaceae,MGIIb-O2,Genus_MGIIb-O2
root,Thermoplasmatota,Poseidoniia,Poseidoniales,Thalassoarchaeaceae,MGIIb-O2,Genus_MGIIb-O2
root,Thermoplasmatota,Poseidoniia,Poseidoniales,Thalassoarchaeaceae,MGIIb-O2,Genus_MGIIb-O2
root,Thermoplasmatota,Poseidoniia,Poseidoniales,Thalassoarchaeaceae,MGIIb-O2,Genus_MGIIb-O2
root,Thermoplasmatota,Poseidoniia,Poseidoniales,Thalassoarchaeaceae,MGIIb-O2,Genus_MGIIb-O2
root,Thermoplasmatota,Poseidoniia,Poseidoniales,Thalassoarchaeaceae,MGIIb-O2,Genus_MGIIb-O2
root,Thermoplasmatota,Poseidoniia,Poseidoniales,Thalassoarchaeaceae,MGIIb-O2,Genus_MGIIb-O2
root,Thermoplasmatota,Poseidoniia,Poseidoniales,Thalassoarchaeaceae,MGIIb-O2,Genus_MGIIb-O2
root,Thermoplasmatota,Poseidoniia,Poseidoniales,Thalassoarchaeaceae,MGIIb-O2,Genus_MGIIb-O2
root,Thermoplasmatota,Poseidoniia,Poseidoniales,Thalassoarchaeaceae,MGIIb-O2,Genus_MGIIb-O2
root,Thermoplasmatota,Poseidoniia,Poseidoniales,Thalassoarchaeaceae,MGIIb-O2,Genus_MGIIb-O2
root,Thermoplasmatota,Poseidoniia,Poseidoniales,Thalassoarchaeaceae,MGIIb-O2,Genus_MGIIb-O2
root,Thermoplasmatota,Poseidoniia,Poseidoniales,Thalassoarchaeaceae,MGIIb-O2,Genus_MGIIb-O2
root,Thermoplasmatota,Poseidoniia,Poseidoniales,Thalassoarchaeaceae,MGIIb-O2,Genus_MGIIb-O2
root,Thermoplasmatota,Poseidoniia,Poseidoniales,Thalassoarchaeaceae,MGIIb-O2,Genus_MGIIb-O2
root,Thermoplasmatota,Poseidoniia,Poseidoniales,Thalassoarchaeaceae,MGIIb-O2,Genus_MGIIb-O2
root,Thermoplasmatota,Poseidoniia,Poseidoniales,Thalassoarchaeaceae,MGIIb-O2,Genus_MGIIb-O2
root,Thermoplasmatota,Poseidoniia,Poseidoniales,Thalassoarchaeaceae,MGIIb-O2,Genus_MGIIb-O2
root,Thermoplasmatota,Poseidoniia,Poseidoniales,Thalassoarchaeaceae,MGIIb-O3,Genus_MGIIb-O3
root,Thermoplasmatota,Poseidoniia,Poseidoniales,Thalassoarchaeaceae,MGIIb-O3,Genus_MGIIb-O3
root,Thermoplasmatota,Poseidoniia,Poseidoniales,Thalassoarchaeaceae,MGIIb-O5,MGIIb-O5 sp002506825
root,Thermoplasmatota,Poseidoniia,Poseidoniales,Thalassoarchaeaceae,MGIIb-O5,MGIIb-O5 sp002506825
root,Thermoplasmatota,Poseidoniia,Poseidoniales,Thalassoarchaeaceae,MGIIb-O5,MGIIb-O5 sp002506825
root,Thermoplasmatota,Poseidoniia,Poseidoniales,Thalassoarchaeaceae,MGIIb-O5,MGIIb-O5 sp002506825
root,Thermoplasmatota,Poseidoniia,Poseidoniales,Thalassoarchaeaceae,MGIIb-O5,MGIIb-O5 sp002506825
root,Thermoplasmatota,Poseidoniia,Poseidoniales,Thalassoarchaeaceae,MGIIb-O5,MGIIb-O5 sp002496725
root,Thermoplasmatota,Poseidoniia,Poseidoniales,Thalassoarchaeaceae,MGIIb-P,Genus_MGIIb-P
root,Thermoplasmatota,Poseidoniia,Poseidoniales,Thalassoarchaeaceae,MGIIb-P,Genus_MGIIb-P
root,Thermoplasmatota,Poseidoniia,Poseidoniales,Thalassoarchaeaceae,MGIIb-P,Genus_MGIIb-P
root,Thermoplasmatota,Poseidoniia,Poseidoniales,Thalassoarchaeaceae,MGIIb-P,Genus_MGIIb-P
root,Thermoplasmatota,Poseidoniia,Poseidoniales,Poseidoniaceae,Poseidonia,Genus_Poseidonia
root,Thermoplasmatota,Poseidoniia,Poseidoniales,Poseidoniaceae,Poseidonia,Genus_Poseidonia
root,Thermoplasmatota,Poseidoniia,Poseidoniales,Poseidoniaceae,Poseidonia,Genus_Poseidonia
root,Thermoplasmatota,Poseidoniia,Poseidoniales,Poseidoniaceae,Poseidonia,Genus_Poseidonia
root,Thermoplasmatota,Poseidoniia,Poseidoniales,Thalassoarchaeaceae,Thalassarchaeum,Genus_Thalassarchaeum
root,Thermoplasmatota,Poseidoniia,Poseidoniales,Thalassoarchaeaceae,Thalassarchaeum,Genus_Thalassarchaeum
root,Thermoplasmatota,Poseidoniia,Poseidoniales,Thalassoarchaeaceae,Thalassarchaeum,Genus_Thalassarchaeum
root,Thermoplasmatota,Poseidoniia,Poseidoniales,Thalassoarchaeaceae,Thalassarchaeum,Genus_Thalassarchaeum
root,Thermoplasmatota,Poseidoniia,Poseidoniales,Thalassoarchaeaceae,Thalassarchaeum,Genus_Thalassarchaeum
root,Thermoplasmatota,Poseidoniia,Poseidoniales,Thalassoarchaeaceae,Thalassarchaeum,Genus_Thalassarchaeum
root,Thermoplasmatota,Poseidoniia,Poseidoniales,Thalassoarchaeaceae,Thalassarchaeum,Genus_Thalassarchaeum
root,Thermoplasmatota,Poseidoniia,Poseidoniales,Thalassoarchaeaceae,Thalassarchaeum,Genus_Thalassarchaeum
root,Thermoplasmatota,Poseidoniia,Poseidoniales,Thalassoarchaeaceae,Thalassarchaeum,Genus_Thalassarchaeum
root,Thermoplasmatota,Poseidoniia,Poseidoniales,Thalassoarchaeaceae,Thalassarchaeum,Genus_Thalassarchaeum
root,Thermoplasmatota,Poseidoniia,Poseidoniales,Thalassoarchaeaceae,Thalassarchaeum,Genus_Thalassarchaeum
root,Thermoplasmatota,Poseidoniia,Poseidoniales,Thalassoarchaeaceae,Thalassarchaeum,Thalassarchaeum sp002495735
root,Thermoplasmatota,Poseidoniia,Poseidoniales,Thalassoarchaeaceae,Thalassarchaeum,Thalassarchaeum sp002457605
root,Thermoplasmatota,Poseidoniia,Poseidoniales,Thalassoarchaeaceae,Thalassarchaeum,Thalassarchaeum sp002507125
root,Thermoplasmatota,Poseidoniia,Poseidoniales,Poseidoniaceae,Family_Poseidoniaceae,Family_Poseidoniaceae
root,Thermoplasmatota,Poseidoniia,Poseidoniales,Thalassoarchaeaceae,Family_Thalassoarchaeaceae,Family_Thalassoarchaeaceae
root,Verrucomicrobiota,Verrucomicrobiae,Verrucomicrobiales,DEV007,Arctic95D-9,Genus_Arctic95D-9
root,Verrucomicrobiota,Verrucomicrobiae,Verrucomicrobiales,DEV007,Arctic95D-9,Genus_Arctic95D-9
root,Verrucomicrobiota,Verrucomicrobiae,Opitutales,Puniceicoccaceae,BACL24,Genus_BACL24
root,Verrucomicrobiota,Verrucomicrobiae,Opitutales,Puniceicoccaceae,BACL24,Genus_BACL24
root,Verrucomicrobiota,Verrucomicrobiae,Opitutales,Puniceicoccaceae,BACL24,Genus_BACL24
root,Verrucomicrobiota,Verrucomicrobiae,Opitutales,Puniceicoccaceae,BACL24,Genus_BACL24
root,Verrucomicrobiota,Verrucomicrobiae,Opitutales,Puniceicoccaceae,BACL24,Genus_BACL24
root,Verrucomicrobiota,Verrucomicrobiae,Opitutales,Puniceicoccaceae,BACL24,Genus_BACL24
root,Verrucomicrobiota,Verrucomicrobiae,Opitutales,Puniceicoccaceae,BACL24,Genus_BACL24
root,Verrucomicrobiota,Verrucomicrobiae,Opitutales,Puniceicoccaceae,BACL24,Genus_BACL24
root,Verrucomicrobiota,Verrucomicrobiae,Opitutales,Puniceicoccaceae,BACL24,Genus_BACL24
root,Verrucomicrobiota,Verrucomicrobiae,Opitutales,Puniceicoccaceae,BACL24,Genus_BACL24
root,Verrucomicrobiota,Verrucomicrobiae,Verrucomicrobiales,DEV007,EC70,Genus_EC70
root,Verrucomicrobiota,Verrucomicrobiae,Verrucomicrobiales,DEV007,EC70,Genus_EC70
root,Verrucomicrobiota,Verrucomicrobiae,Verrucomicrobiales,DEV007,EC70,Genus_EC70
root,Verrucomicrobiota,Verrucomicrobiae,Verrucomicrobiales,DEV007,EC70,Genus_EC70
root,Verrucomicrobiota,Verrucomicrobiae,Verrucomicrobiales,DEV007,EC70,Genus_EC70
root,Verrucomicrobiota,Verrucomicrobiae,Verrucomicrobiales,DEV007,EC70,Genus_EC70
root,Verrucomicrobiota,Verrucomicrobiae,Opitutales,Puniceicoccaceae,GCA-2690565,Genus_GCA-2690565
root,Verrucomicrobiota,Verrucomicrobiae,Opitutales,MB11C04,GCA-2730975,Genus_GCA-2730975
root,Verrucomicrobiota,Verrucomicrobiae,Opitutales,MB11C04,GCA-2730975,Genus_GCA-2730975
root,Verrucomicrobiota,Verrucomicrobiae,Opitutales,MB11C04,GCA-2730975,Genus_GCA-2730975
root,Verrucomicrobiota,Verrucomicrobiae,Opitutales,MB11C04,MB11C04,Genus_MB11C04
root,Verrucomicrobiota,Verrucomicrobiae,Verrucomicrobiales,Akkermansiaceae,Roseibacillus,Genus_Roseibacillus
root,Verrucomicrobiota,Verrucomicrobiae,Verrucomicrobiales,Akkermansiaceae,Roseibacillus,Genus_Roseibacillus
root,Verrucomicrobiota,Verrucomicrobiae,Verrucomicrobiales,Akkermansiaceae,Roseibacillus,Genus_Roseibacillus
root,Verrucomicrobiota,Verrucomicrobiae,Verrucomicrobiales,Akkermansiaceae,Roseibacillus,Genus_Roseibacillus
root,Verrucomicrobiota,Verrucomicrobiae,Verrucomicrobiales,Akkermansiaceae,Roseibacillus,Genus_Roseibacillus
root,Verrucomicrobiota,Verrucomicrobiae,Verrucomicrobiales,Akkermansiaceae,Roseibacillus,Genus_Roseibacillus
root,Verrucomicrobiota,Verrucomicrobiae,Verrucomicrobiales,Akkermansiaceae,Roseibacillus,Genus_Roseibacillus
root,Verrucomicrobiota,Verrucomicrobiae,Verrucomicrobiales,Akkermansiaceae,SW10,Genus_SW10
root,Verrucomicrobiota,Verrucomicrobiae,Verrucomicrobiales,Akkermansiaceae,SW10,Genus_SW10
root,Verrucomicrobiota,Verrucomicrobiae,Verrucomicrobiales,Akkermansiaceae,SW10,Genus_SW10
root,Verrucomicrobiota,Verrucomicrobiae,Verrucomicrobiales,Akkermansiaceae,SW10,Genus_SW10
root,Verrucomicrobiota,Verrucomicrobiae,Verrucomicrobiales,Akkermansiaceae,SW10,Genus_SW10
root,Verrucomicrobiota,Verrucomicrobiae,Verrucomicrobiales,Akkermansiaceae,SW10,SW10 sp002729295
root,Verrucomicrobiota,Verrucomicrobiae,Verrucomicrobiales,Akkermansiaceae,SW10,Genus_SW10
root,Verrucomicrobiota,Verrucomicrobiae,Verrucomicrobiales,Akkermansiaceae,SW10,Genus_SW10
root,Verrucomicrobiota,Verrucomicrobiae,Verrucomicrobiales,Akkermansiaceae,SW10,Genus_SW10
root,Verrucomicrobiota,Verrucomicrobiae,Verrucomicrobiales,Akkermansiaceae,SW10,Genus_SW10
root,Verrucomicrobiota,Verrucomicrobiae,Verrucomicrobiales,Akkermansiaceae,SW10,Genus_SW10
root,Verrucomicrobiota,Verrucomicrobiae,Verrucomicrobiales,Akkermansiaceae,SW10,Genus_SW10
root,Verrucomicrobiota,Verrucomicrobiae,Verrucomicrobiales,Akkermansiaceae,SW10,Genus_SW10
root,Verrucomicrobiota,Verrucomicrobiae,Verrucomicrobiales,Akkermansiaceae,SW10,Genus_SW10
root,Verrucomicrobiota,Verrucomicrobiae,Verrucomicrobiales,Akkermansiaceae,SW10,Genus_SW10
root,Verrucomicrobiota,Verrucomicrobiae,Verrucomicrobiales,Akkermansiaceae,SW10,Genus_SW10
root,Verrucomicrobiota,Verrucomicrobiae,Verrucomicrobiales,Akkermansiaceae,SW10,Genus_SW10
root,Verrucomicrobiota,Verrucomicrobiae,Verrucomicrobiales,Akkermansiaceae,SW10,Genus_SW10
root,Verrucomicrobiota,Verrucomicrobiae,Verrucomicrobiales,Akkermansiaceae,SW10,Genus_SW10
root,Verrucomicrobiota,Verrucomicrobiae,Verrucomicrobiales,Akkermansiaceae,SW10,Genus_SW10
root,Verrucomicrobiota,Verrucomicrobiae,Verrucomicrobiales,Akkermansiaceae,SW10,Genus_SW10
root,Verrucomicrobiota,Verrucomicrobiae,Verrucomicrobiales,Akkermansiaceae,SW10,Genus_SW10
root,Verrucomicrobiota,Verrucomicrobiae,Verrucomicrobiales,Akkermansiaceae,SW10,Genus_SW10
root,Verrucomicrobiota,Verrucomicrobiae,Verrucomicrobiales,Akkermansiaceae,SW10,SW10 sp000383735
root,Verrucomicrobiota,Verrucomicrobiae,Verrucomicrobiales,Akkermansiaceae,SW10,SW10 sp000383735
root,Verrucomicrobiota,Verrucomicrobiae,Verrucomicrobiales,Akkermansiaceae,SW10,SW10 sp000383735
root,Verrucomicrobiota,Verrucomicrobiae,Verrucomicrobiales,Akkermansiaceae,SW10,SW10 sp002323895
root,Verrucomicrobiota,Verrucomicrobiae,Verrucomicrobiales,Akkermansiaceae,SW10,SW10 sp002420315
root,Verrucomicrobiota,Verrucomicrobiae,Pedosphaerales,UBA1096,UBA1096,Genus_UBA1096
root,Verrucomicrobiota,Verrucomicrobiae,Pedosphaerales,UBA1096,UBA1096,Genus_UBA1096
root,Verrucomicrobiota,Verrucomicrobiae,Pedosphaerales,UBA1096,UBA1096,Genus_UBA1096
root,Verrucomicrobiota,Verrucomicrobiae,Pedosphaerales,UBA1096,UBA1096,Genus_UBA1096
root,Verrucomicrobiota,Verrucomicrobiae,Pedosphaerales,UBA1096,UBA1096,Genus_UBA1096
root,Verrucomicrobiota,Verrucomicrobiae,Pedosphaerales,UBA1096,UBA1096,Genus_UBA1096
root,Verrucomicrobiota,Verrucomicrobiae,Pedosphaerales,UBA1096,UBA1096,Genus_UBA1096
root,Verrucomicrobiota,Verrucomicrobiae,Pedosphaerales,UBA1096,UBA1096,Genus_UBA1096
root,Verrucomicrobiota,Verrucomicrobiae,Pedosphaerales,UBA1096,UBA1096,Genus_UBA1096
root,Verrucomicrobiota,Verrucomicrobiae,Pedosphaerales,UBA1096,UBA1096,Genus_UBA1096
root,Verrucomicrobiota,Verrucomicrobiae,Pedosphaerales,UBA1096,UBA1096,Genus_UBA1096
root,Verrucomicrobiota,Verrucomicrobiae,Pedosphaerales,UBA1096,UBA1096,Genus_UBA1096
root,Verrucomicrobiota,Verrucomicrobiae,Pedosphaerales,UBA1096,UBA1096,Genus_UBA1096
root,Verrucomicrobiota,Verrucomicrobiae,Pedosphaerales,UBA1096,UBA1096,Genus_UBA1096
root,Verrucomicrobiota,Verrucomicrobiae,Pedosphaerales,UBA1096,UBA1096,Genus_UBA1096
root,Verrucomicrobiota,Verrucomicrobiae,Pedosphaerales,UBA1096,UBA1096,Genus_UBA1096
root,Verrucomicrobiota,Verrucomicrobiae,Pedosphaerales,UBA1096,UBA1096,Genus_UBA1096
root,Verrucomicrobiota,Verrucomicrobiae,Pedosphaerales,UBA1096,UBA1096,Genus_UBA1096
root,Verrucomicrobiota,Verrucomicrobiae,Pedosphaerales,UBA1096,UBA1096,Genus_UBA1096
root,Verrucomicrobiota,Verrucomicrobiae,Pedosphaerales,UBA1096,UBA1096,Genus_UBA1096
root,Verrucomicrobiota,Verrucomicrobiae,Pedosphaerales,UBA1096,UBA1096,Genus_UBA1096
root,Verrucomicrobiota,Verrucomicrobiae,Pedosphaerales,UBA1096,UBA1096,UBA1096 sp002299785
root,Verrucomicrobiota,Verrucomicrobiae,Pedosphaerales,UBA1096,UBA1096,UBA1096 sp002299785
root,Verrucomicrobiota,Verrucomicrobiae,Pedosphaerales,UBA1096,UBA1096,UBA1096 sp002299785
root,Verrucomicrobiota,Verrucomicrobiae,Pedosphaerales,UBA1100,UBA1100,Genus_UBA1100
root,Verrucomicrobiota,Verrucomicrobiae,Pedosphaerales,UBA1100,UBA1100,Genus_UBA1100
root,Verrucomicrobiota,Verrucomicrobiae,Pedosphaerales,UBA1100,UBA1100,Genus_UBA1100
root,Verrucomicrobiota,Verrucomicrobiae,Opitutales,Opitutaceae,UBA5691,Genus_UBA5691
root,Verrucomicrobiota,Verrucomicrobiae,Opitutales,Opitutaceae,UBA5691,Genus_UBA5691
root,Verrucomicrobiota,Verrucomicrobiae,Opitutales,Opitutaceae,UBA5691,Genus_UBA5691
root,Verrucomicrobiota,Verrucomicrobiae,Opitutales,Opitutaceae,UBA5691,Genus_UBA5691
root,Verrucomicrobiota,Verrucomicrobiae,Opitutales,Opitutaceae,UBA5691,Genus_UBA5691
root,Verrucomicrobiota,Lentisphaeria,Class_Lentisphaeria,Class_Lentisphaeria,Class_Lentisphaeria,Class_Lentisphaeria
root,Verrucomicrobiota,Lentisphaeria,Class_Lentisphaeria,Class_Lentisphaeria,Class_Lentisphaeria,Class_Lentisphaeria
root,Verrucomicrobiota,Lentisphaeria,Class_Lentisphaeria,Class_Lentisphaeria,Class_Lentisphaeria,Class_Lentisphaeria
root,Verrucomicrobiota,Lentisphaeria,Class_Lentisphaeria,Class_Lentisphaeria,Class_Lentisphaeria,Class_Lentisphaeria
root,Verrucomicrobiota,Lentisphaeria,Class_Lentisphaeria,Class_Lentisphaeria,Class_Lentisphaeria,Class_Lentisphaeria
root,Verrucomicrobiota,Lentisphaeria,Class_Lentisphaeria,Class_Lentisphaeria,Class_Lentisphaeria,Class_Lentisphaeria
root,Verrucomicrobiota,Lentisphaeria,Class_Lentisphaeria,Class_Lentisphaeria,Class_Lentisphaeria,Class_Lentisphaeria
root,Verrucomicrobiota,Verrucomicrobiae,Pedosphaerales,UBA1100,Family_UBA1100,Family_UBA1100
root,Verrucomicrobiota,Verrucomicrobiae,Pedosphaerales,UBA1100,Family_UBA1100,Family_UBA1100
root,Verrucomicrobiota,Verrucomicrobiae,Pedosphaerales,UBA1100,Family_UBA1100,Family_UBA1100
root,Verrucomicrobiota,Verrucomicrobiae,Pedosphaerales,UBA1100,Family_UBA1100,Family_UBA1100
root,Verrucomicrobiota,Verrucomicrobiae,Pedosphaerales,UBA1100,Family_UBA1100,Family_UBA1100